Title,Year,Rated,Released,Runtime,Genre,Director,Writer,Actors,Plot,Language,Country,Awards,Poster,Ratings,Metascore,imdbRating,imdbVotes,imdbID,Type,DVD,BoxOffice,Production,Website,Response,tconst,has_omdb_data,Season,Episode,seriesID,totalSeasons
White Chicks,2004,PG-13,23 Jun 2004,109 min,"Comedy, Crime",Keenen Ivory Wayans,"Keenen Ivory Wayans, Shawn Wayans, Marlon Wayans","Marlon Wayans, Shawn Wayans, Busy Philipps",Two disgraced FBI agents go way undercover in an effort to protect hotel heiresses the Wilson sisters from a kidnapping plot.,English,United States,3 wins & 13 nominations total,https://m.media-amazon.com/images/M/MV5BMTY3OTg2OTM3OV5BMl5BanBnXkFtZTYwNzY5OTA3._V1_SX300.jpg,"[{'Source': 'Internet Movie Database', 'Value': '5.9/10'}, {'Source': 'Rotten Tomatoes', 'Value': '15%'}, {'Source': 'Metacritic', 'Value': '41/100'}]",41,5.9,"190,250",tt0381707,movie,N/A,"$70,831,760",N/A,N/A,True,tt0381707,True,,,,
Lucky Number Slevin,2006,R,07 Apr 2006,110 min,"Crime, Drama, Thriller",Paul McGuigan,Jason Smilovic,"Josh Hartnett, Ben Kingsley, Morgan Freeman","A case of mistaken identity lands Slevin into the middle of a war being plotted by two of the city's rival crime bosses. Under constant surveillance by Detective Brikowski and assassin Goodkat, he must get them before they get him.",English,"United Kingdom, Germany, Canada, United States",5 wins & 4 nominations total,https://m.media-amazon.com/images/M/MV5BNzJkYjA4YjEtMTZlZi00NjFjLTgwNDMtN2VhYTY0MDU3ZjcwXkEyXkFqcGc@._V1_SX300.jpg,"[{'Source': 'Internet Movie Database', 'Value': '7.7/10'}, {'Source': 'Metacritic', 'Value': '53/100'}]",53,7.7,"337,898",tt0425210,movie,26 Sep 2006,"$22,495,466",N/A,N/A,True,tt0425210,True,,,,
Prison Break,2008,N/A,10 Jan 2008,N/A,"Short, Comedy",Matt Bettinelli-Olpin,"Matt Bettinelli-Olpin, Jonah Goldstein, Rob Polonsky","Chad Villella, Matt Bettinelli-Olpin, Rob Polonsky",A brutal and unforgiving look at life within the harrowing walls of America's prison system.,English,United States,N/A,N/A,"[{'Source': 'Internet Movie Database', 'Value': '8.5/10'}]",N/A,8.5,200,tt2161664,movie,N/A,N/A,N/A,N/A,True,tt2161664,True,,,,
How I Met Your Mother,2014,TV-PG,27 Mar 2014,43 min,Talk-Show,N/A,N/A,"James Lipton, Josh Radnor, Cobie Smulders","Josh Radnor, Neil Patrick Harris, Alyson Hannigan, Jason Segel, and Cobie Smulders join Lipton to discuss the nine-year history of this beloved comedy. Find out which scene each cast member chose as their favourite, who answers an...",N/A,N/A,N/A,https://m.media-amazon.com/images/M/MV5BNWFlZmEwMDQtNGJjMy00MGE0LWJlNjItNTZhNDRlYThkOTgxXkEyXkFqcGdeQXVyNTM3MDMyMDQ@._V1_SX300.jpg,[],N/A,N/A,68,tt3615240,episode,,,,,True,tt3615240,True,20,2,tt0169455,
Supernatural,2016,N/A,17 Jun 2016,23 min,"Short, Adult",N/A,N/A,"Peter Baranyai, Xavi Duran",Muscular bottom Peter Baranyai (as Darius Ferdynand) plays a guest in a haunted hotel who enjoys an orgasmic ride on a well-endowed ghost played by Xavi Duran.,English,USA,N/A,N/A,[],N/A,N/A,N/A,tt10460848,movie,N/A,N/A,N/A,N/A,True,tt10460848,True,,,,
Breaking Bad,2013,N/A,23 Aug 2013,20 min,"Action, Adventure, Comedy, Fantasy",Ledger Gibbs,Ledger Gibbs,Ledger Gibbs,Mr.Gibbs attempts to walk into Mordor.,English,USA,N/A,https://m.media-amazon.com/images/M/MV5BOTA4NGRhNTEtZmQ3My00YzAzLWI0MmQtYzM5ZGEyNjg3MTJhXkEyXkFqcGdeQXVyNjY0ODg0MTA@._V1_SX300.jpg,[],N/A,N/A,N/A,tt12084802,episode,,,,,True,tt12084802,True,1,13,tt12081562,
The Walking Dead,2015,TV-PG,03 Feb 2015,41 min,"Action, Crime, Drama",Edward Ornelas,"Gary Glasberg, David Appelbaum","Scott Bakula, Lucas Black, Zoe McLellan","The team attempts to solve a murder before it takes place, after a Navy lieutenant commander discovers that he has been poisoned with a deadly amount of radiation.",English,United States,N/A,https://m.media-amazon.com/images/M/MV5BMTgzODk3MzAwNV5BMl5BanBnXkFtZTgwMDg2MjgzNDE@._V1_SX300.jpg,[],N/A,N/A,393,tt4338364,episode,,,,,True,tt4338364,True,1,13,tt3560084,
Pretty Little Liars,2016,N/A,04 Apr 2016,N/A,Reality-TV,"Sheila Rae, Carey Roberts",Carey Roberts,"Lindsay Albanese, Troian Bellisario, Ashley Benson, Anne T. Donahue","Ashley Benson, Lucy Hale, Shay Mitchell and Troian Bellisario make up TV's fabulous foursome known as the Pretty Little Liars. These fashion-forward high-schoolers band together to take on ...",N/A,N/A,N/A,https://m.media-amazon.com/images/M/MV5BMjE2Mzc2NDM0OV5BMl5BanBnXkFtZTgwOTU5NzM0NzE@._V1_SX300.jpg,[],N/A,N/A,N/A,tt5796704,episode,,,,,True,tt5796704,True,2,32,tt2576350,
Once Upon a Time,2016,N/A,30 May 2016,N/A,"Comedy, Drama, Mystery",N/A,Fahad Alestaa,N/A,N/A,N/A,N/A,N/A,https://m.media-amazon.com/images/M/MV5BYjY4YTY4OTktMDk4NS00NmZkLWE1YmUtY2FjM2U4ZDM3N2U2XkEyXkFqcGdeQXVyOTk1NTEzOQ@@._V1_SX300.jpg,[],N/A,N/A,N/A,tt10189820,episode,,,,,True,tt10189820,True,1,25,tt10189820,
Death Note,2006,Not Rated,17 Jun 2006,126 min,"Crime, Drama, Fantasy",Shûsuke Kaneko,"Tsugumi Ôba, Takeshi Obata, Tetsuya Oishi","Tatsuya Fujiwara, Ken'ichi Matsuyama, Asaka Seto","A battle between the world's two greatest minds begins when Light Yagami finds the Death Note, a notebook with the power to kill, and decides to rid the world of criminals.",Japanese,Japan,4 wins & 3 nominations total,https://m.media-amazon.com/images/M/MV5BYmRkNzYzOGMtNjM3Mi00NmZiLTg4MzMtZWVlOTRhZDY4ZDY0XkEyXkFqcGc@._V1_SX300.jpg,"[{'Source': 'Internet Movie Database', 'Value': '7.5/10'}, {'Source': 'Rotten Tomatoes', 'Value': '78%'}]",N/A,7.5,"33,222",tt0758742,movie,N/A,N/A,N/A,N/A,True,tt0758742,True,,,,
The Hunter,2011,R,06 Oct 2011,100 min,"Adventure, Drama, Thriller",Daniel Nettheim,"Alice Addison, Wain Fimeri, Daniel Nettheim","Willem Dafoe, Sam Neill, Morgan Davies","Martin, a mercenary, is sent from Europe by a mysterious biotech company to the Tasmanian wilderness on a hunt for the last Tasmanian tiger.",English,Australia,4 wins & 23 nominations total,https://m.media-amazon.com/images/M/MV5BNTI4Mzc0MTg4OV5BMl5BanBnXkFtZTcwNTc1NDQzNw@@._V1_SX300.jpg,"[{'Source': 'Internet Movie Database', 'Value': '6.7/10'}, {'Source': 'Rotten Tomatoes', 'Value': '72%'}, {'Source': 'Metacritic', 'Value': '63/100'}]",63,6.7,"42,085",tt1703148,movie,N/A,"$176,669",N/A,N/A,True,tt1703148,True,,,,
Arrow,2015,Not Rated,19 Jan 2015,N/A,"Documentary, Talk-Show",Ron Sylvester,Melanie McFarland,"Melanie McFarland, Stephen Amell, Brandon Routh","The cast of ""Arrow"" discusses the series and talk about what's coming up in season 3.",N/A,N/A,N/A,https://m.media-amazon.com/images/M/MV5BMTYyNzczOTExNF5BMl5BanBnXkFtZTgwMjUxMTcwNDE@._V1_SX300.jpg,[],N/A,N/A,98,tt4364638,episode,,,,,True,tt4364638,True,2,27,tt3412000,
Black Mirror,2016,N/A,20 Dec 2016,N/A,"Animation, Short, Comedy",N/A,N/A,N/A,N/A,N/A,N/A,N/A,https://m.media-amazon.com/images/M/MV5BYWU3MTE0NDctYjI4NC00NDVkLTg3MGEtMjQ1YTdhMDQ3M2YzXkEyXkFqcGdeQXVyOTA1ODU0Mzc@._V1_SX300.jpg,[],N/A,N/A,N/A,tt11483632,episode,,,,,True,tt11483632,True,N/A,N/A,N/A,
The Originals,2016,TV-14,N/A,8 min,News,N/A,N/A,Tosha Lynette,"The beautiful cast of ""The Originals"" talks about panels at the con, immortality and Steve's Jigglypuff.",N/A,N/A,N/A,https://m.media-amazon.com/images/M/MV5BMjA2YjU4MWUtNTRhMy00ZjgzLWIyMGMtZDNlYzVhZWM2OGRiXkEyXkFqcGdeQXVyNTM3MDMyMDQ@._V1_SX300.jpg,[],N/A,N/A,N/A,tt8534444,episode,,,,,True,tt8534444,True,3,16,tt8532358,
The 100,2016,N/A,17 Dec 2016,N/A,Comedy,Nathaniel Avila,Nathaniel Avila (creator),"Yasmin Andrade, Nathaniel Avila",N/A,N/A,N/A,N/A,https://m.media-amazon.com/images/M/MV5BZjgzNWUxYmQtMzI4OS00ZjBlLWEyZjMtMGNmOWQ4NmViZmFkXkEyXkFqcGdeQXVyNDE3MTIxOTk@._V1_SX300.jpg,[],N/A,N/A,N/A,tt6359016,episode,,,,,True,tt6359016,True,2,9,tt5086032,
Marvel's Luke Cage,2016,TV-14,N/A,N/A,News,N/A,N/A,N/A,"Carrie gets the scoop on ""Luke Cage"", the character, the music and the iconic backdrop.",N/A,N/A,N/A,https://m.media-amazon.com/images/M/MV5BZTUxOTkzNzEtYmU5Ny00OTI0LWEzOGQtZjgyMDY4NjU5MGEyXkEyXkFqcGdeQXVyNTM3MDMyMDQ@._V1_SX300.jpg,[],N/A,N/A,N/A,tt8534480,episode,,,,,True,tt8534480,True,3,30,tt8532358,
Narcos,2016,N/A,08 Oct 2016,N/A,N/A,Nathaniel Avila,Nathaniel Avila (creator),"Krissy Avila, Nathaniel Avila",N/A,N/A,N/A,N/A,https://m.media-amazon.com/images/M/MV5BZjgzNWUxYmQtMzI4OS00ZjBlLWEyZjMtMGNmOWQ4NmViZmFkXkEyXkFqcGdeQXVyNDE3MTIxOTk@._V1_SX300.jpg,[],N/A,N/A,N/A,tt6135644,episode,,,,,True,tt6135644,True,2,2,tt5086032,
The Do-Over,2016,TV-MA,27 May 2016,108 min,"Action, Adventure, Comedy",Steven Brill,"Kevin Barnett, Chris Pappas","Adam Sandler, David Spade, Paula Patton","Two down-on-their-luck guys decide to fake their own deaths and start over with new identities, only to find the people they're pretending to be are in even deeper trouble.",English,United States,N/A,https://m.media-amazon.com/images/M/MV5BMTYyNDY2NzAxNV5BMl5BanBnXkFtZTgwOTMxMzg2ODE@._V1_SX300.jpg,"[{'Source': 'Internet Movie Database', 'Value': '5.7/10'}, {'Source': 'Rotten Tomatoes', 'Value': '9%'}, {'Source': 'Metacritic', 'Value': '22/100'}]",22,5.7,"53,056",tt4769836,movie,N/A,N/A,N/A,N/A,True,tt4769836,True,,,,
Fearless,2016,N/A,04 Jan 2016,88 min,"Comedy, Drama, Musical",Mark Maine,"Mark Maine, Mike Terrell","Michael Copon, John Patrick Jordan, Nikki SooHoo","A sequel to Music High, Fearless is a teenage beach bathing suit Musical-Comedy, filled with plenty of gorgeous gals and guys on the beach re-imagined from movies of the past Beach Party (1963) and Bikini Beach (1964) and Blue Cru...",English,United States,N/A,https://m.media-amazon.com/images/M/MV5BMTM4NzMzNjc2MV5BMl5BanBnXkFtZTgwMjc3ODc0MDE@._V1_SX300.jpg,"[{'Source': 'Internet Movie Database', 'Value': '6.7/10'}]",N/A,6.7,28,tt1312235,movie,N/A,N/A,N/A,N/A,True,tt1312235,True,,,,
Hyena Road,2015,R,02 Aug 2016,120 min,"Drama, War",Paul Gross,Paul Gross,"Rossif Sutherland, Allan Hawco, David Richmond-Peck","Three different men, three different worlds, three different wars - all stand at the intersection of modern warfare - a murky world of fluid morality where all is not as it seems.",English,Canada,5 wins & 12 nominations total,https://m.media-amazon.com/images/M/MV5BMzAyMzI2NDMyOV5BMl5BanBnXkFtZTgwMTc2NjIxODE@._V1_SX300.jpg,"[{'Source': 'Internet Movie Database', 'Value': '6.5/10'}, {'Source': 'Rotten Tomatoes', 'Value': '57%'}, {'Source': 'Metacritic', 'Value': '44/100'}]",44,6.5,"9,696",tt4034452,movie,N/A,"$1,430",N/A,N/A,True,tt4034452,True,,,,
Santa Clarita Diet,2017–2019,TV-MA,03 Feb 2017,2 min,"Comedy, Horror",N/A,Victor Fresco,"Drew Barrymore, Timothy Olyphant, Liv Hewson","Sheila and Joel are married real estate agents who live and work in Santa Clarita, California. When Sheila dies, their lives take a dark turn.",English,United States,6 nominations total,https://m.media-amazon.com/images/M/MV5BNTIwMDkzNTMwMF5BMl5BanBnXkFtZTgwNDA4MjI2NzM@._V1_SX300.jpg,"[{'Source': 'Internet Movie Database', 'Value': '7.8/10'}]",N/A,7.8,"82,209",tt5580540,series,,,,,True,tt5580540,True,,,,3
White Girl,2016,TV-MA,01 Dec 2016,88 min,"Crime, Drama",Elizabeth Wood,Elizabeth Wood,"Morgan Saylor, Brian Marc, Justin Bartha","Summer, New York City. A college girl falls hard for a guy she just met. After a night of partying goes wrong, she goes to wild extremes to get him back.",English,United States,1 win & 3 nominations total,https://m.media-amazon.com/images/M/MV5BMjMzMDY1NDcyNl5BMl5BanBnXkFtZTgwNTc0ODc4OTE@._V1_SX300.jpg,"[{'Source': 'Internet Movie Database', 'Value': '5.7/10'}, {'Source': 'Rotten Tomatoes', 'Value': '70%'}, {'Source': 'Metacritic', 'Value': '65/100'}]",65,5.7,"12,184",tt4129870,movie,N/A,"$200,242",N/A,N/A,True,tt4129870,True,,,,
Girlboss,2017,TV-MA,21 Apr 2017,2 min,Comedy,N/A,Kay Cannon,"Britt Robertson, Ellie Reed, Johnny Simmons","Sophia, a misfit, discovers a passion for fashion, becoming an unlikely businesswoman in the process. As her business grows, however, she has to learn to cope with life as her own boss. This show is loosely based on the true story...",English,United States,N/A,https://m.media-amazon.com/images/M/MV5BMTgzMzU5ODIxN15BMl5BanBnXkFtZTgwNzI4ODE5MTI@._V1_SX300.jpg,"[{'Source': 'Internet Movie Database', 'Value': '7.0/10'}]",N/A,7.0,"20,064",tt5706996,series,,,,,True,tt5706996,True,,,,1
City of God: 10 Years Later,2013,PG-13,20 Oct 2014,70 min,Documentary,"Cavi Borges, Luciano Vidigal","Maria do Rosário Caetano, Carla Osório, André Sampaio","Alexandre Rodrigues, Leandro Firmino, Roberta Rodrigues",A film documentary about the fate of the young actors of the award winning film City of God by Fernando Meirelles and Katia Lund. It shows how their lives unfolded after the film's worldwide success.,Portuguese,Brazil,2 wins,https://m.media-amazon.com/images/M/MV5BMTQ4MDk2OTE1NV5BMl5BanBnXkFtZTgwNDI0OTk5MjE@._V1_SX300.jpg,"[{'Source': 'Internet Movie Database', 'Value': '6.4/10'}]",N/A,6.4,"1,536",tt4103686,movie,N/A,N/A,N/A,N/A,True,tt4103686,True,,,,
13 Reasons Why,2017–2020,TV-MA,31 Mar 2017,60 min,"Drama, Mystery, Thriller",N/A,Brian Yorkey,"Dylan Minnette, Katherine Langford, Christian Navarro","Follows teenager Clay Jensen, in his quest to uncover the story behind his classmate and crush, Hannah, and her decision to end her life.",English,United States,5 wins & 15 nominations total,https://m.media-amazon.com/images/M/MV5BNThjYzQ3ZjYtM2I0ZC00OGNjLTlmNGItYjE3ZWI5MWIyMWYyXkEyXkFqcGc@._V1_SX300.jpg,"[{'Source': 'Internet Movie Database', 'Value': '7.4/10'}]",N/A,7.4,"337,279",tt1837492,series,,,,,True,tt1837492,True,,,,4
Sand Castle,2017,TV-MA,21 Apr 2017,113 min,"Action, Drama, War",Fernando Coimbra,Chris Roessner,"Nicholas Hoult, Logan Marshall-Green, Henry Cavill","The story follows a young soldier, and his introduction into the 2003 invasion of Iraq. Based on true events, it bears witness to the destruction and horrors of war.","English, Arabic","United States, Jordan",N/A,https://m.media-amazon.com/images/M/MV5BMDFmNGUwYTMtNDMyMC00YWM2LWEwOTktNTM1YWI0NDRiMDY3XkEyXkFqcGc@._V1_SX300.jpg,"[{'Source': 'Internet Movie Database', 'Value': '6.3/10'}, {'Source': 'Rotten Tomatoes', 'Value': '47%'}, {'Source': 'Metacritic', 'Value': '45/100'}]",45,6.3,"30,483",tt2582576,movie,N/A,N/A,N/A,N/A,True,tt2582576,True,,,,
Sandy Wexler,2017,TV-14,14 Apr 2017,130 min,Comedy,Steven Brill,"Dan Bulla, Paul Sado, Adam Sandler","Adam Sandler, Jennifer Hudson, Kevin James","Sandy Wexler is a talent manager working in Los Angeles in the 1990s, diligently representing a group of eccentric clients on the fringes of show business.",English,United States,1 win & 2 nominations total,https://m.media-amazon.com/images/M/MV5BMTY1NDIwMjQ1OF5BMl5BanBnXkFtZTgwMzUzMjI4MTI@._V1_SX300.jpg,"[{'Source': 'Internet Movie Database', 'Value': '5.2/10'}, {'Source': 'Rotten Tomatoes', 'Value': '27%'}, {'Source': 'Metacritic', 'Value': '40/100'}]",40,5.2,"19,449",tt5893332,movie,N/A,N/A,N/A,N/A,True,tt5893332,True,,,,
Pandora,2016,N/A,05 Nov 2016,39 min,"Short, Action","Kristoffer Bradley Cruz, Tatiana Nguyen","Kristoffer Bradley Cruz, Elisar Haydar, Tatiana Nguyen (story), Tatiana Nguyen","Nayiri Houldsworth, Ethan Zuchkan, Ilya Kovalevskiy, Emily Vaillancourt","A young girl, Hope, seeks revenge on her sister's murderer, the infamous Pandora killer. Together with her best friend, Isaac, she gathers information and hunts him down.",English,Canada,N/A,https://m.media-amazon.com/images/M/MV5BODExNjA0OTktOGJiZS00YzUxLTk5ZDQtYTEyYjM1ZmY0YzE5XkEyXkFqcGdeQXVyNjcyNjE2NDA@._V1_SX300.jpg,[],N/A,N/A,N/A,tt10778398,movie,N/A,N/A,N/A,N/A,True,tt10778398,True,,,,
Parks and Recreation,2015,TV-Y,11 Nov 2015,27 min,"Animation, Adventure, Comedy",J. Meeka Stuart,"P. Kevin Strader, George Arthur Bloom, Ellen Doherty","Eric Craig, Kevin Dennis, Novie Edwards","Kids in glamorous Gollywood have no safe place to play. When they discover an empty lot that can be converted to a park, they have only one opponent: Hacker. He wants the lot for his new Gollywood Tower, which he claims will broad...",N/A,N/A,N/A,https://m.media-amazon.com/images/M/MV5BZTYyNmRkYTAtNWM3MS00MmQyLWJlNTAtZmVjYjJjZWQ2ZmZmXkEyXkFqcGdeQXVyODg3NDc1OTE@._V1_SX300.jpg,[],N/A,N/A,8,tt5162742,episode,,,,,True,tt5162742,True,10,4,tt5162742,
Friends,2003,N/A,N/A,23 min,"Animation, Comedy, Drama",Masami Shimoda,"Kou Fumizuki, Ken'ichi Kanemaki",N/A,N/A,N/A,N/A,N/A,https://m.media-amazon.com/images/M/MV5BMzdiYmEwOTAtZTI2Mi00YzU4LTg3OTgtMDlkYTE4NDdkNDEwXkEyXkFqcGdeQXVyMTA3OTEyODI1._V1_SX300.jpg,[],N/A,N/A,8,tt0956390,episode,,,,,True,tt0956390,True,2,2,tt0339953,
Bates Motel,2016,TV-14,N/A,N/A,News,N/A,N/A,N/A,"""The Bates Motel"" cast talks about fan reaction to Norma's death and the last season.",N/A,N/A,N/A,https://m.media-amazon.com/images/M/MV5BZTNhMjAxODQtNTQzNC00NDVhLTk5ZmQtYjJhZjY4Yjg4NWNhXkEyXkFqcGdeQXVyNTM3MDMyMDQ@._V1_SX300.jpg,[],N/A,N/A,N/A,tt8535224,episode,,,,,True,tt8535224,True,N/A,N/A,N/A,
How to Get Away with Murder,2016,N/A,21 Oct 2016,60 min,"Documentary, News",N/A,N/A,N/A,Christopher Waide is convicted of the 2014 murder of 19-year-old Lea Porter.,N/A,N/A,N/A,https://m.media-amazon.com/images/M/MV5BMTgyNTA1OTQyNF5BMl5BanBnXkFtZTgwNDY1NTU0OTE@._V1_SX300.jpg,[],N/A,N/A,N/A,tt6133634,episode,,,,,True,tt6133634,True,40,7,tt0124932,
Love,2017,N/A,N/A,N/A,Comedy,N/A,N/A,N/A,All you need to know about finding love and dating your way up the social ladder.,N/A,N/A,N/A,N/A,[],N/A,N/A,N/A,tt10415050,episode,,,,,True,tt10415050,True,N/A,N/A,N/A,
The OA,2016–2019,TV-MA,16 Dec 2016,2 min,"Drama, Fantasy, Mystery",N/A,"Zal Batmanglij, Brit Marling","Brit Marling, Jason Isaacs, Scott Wilson","Having gone missing seven years ago, the previously blind Prairie returns home, now in her twenties with her sight restored. While many believe she is a miracle, others worry that she could be dangerous.",English,United States,3 wins & 9 nominations total,https://m.media-amazon.com/images/M/MV5BMTY5OTkwNDkzOF5BMl5BanBnXkFtZTgwMDEyNzI1NzM@._V1_SX300.jpg,"[{'Source': 'Internet Movie Database', 'Value': '7.8/10'}]",N/A,7.8,"124,749",tt4635282,series,,,,,True,tt4635282,True,,,,2
Stranger Things,2016,N/A,18 Nov 2016,N/A,Comedy,Jason Vitteri-Lewis,Jason Vitteri-Lewis,Cinda McCain,N/A,N/A,N/A,N/A,https://m.media-amazon.com/images/M/MV5BZjk4YTQ4MWItNmQ0Ni00MmY1LWJmOGMtNGQwNmNhNTBhZmVhXkEyXkFqcGdeQXVyMzE5OTgyOTY@._V1_SX300.jpg,[],N/A,N/A,N/A,tt11253872,episode,,,,,True,tt11253872,True,N/A,N/A,N/A,
Ingobernable,2017–2018,TV-MA,24 Mar 2017,40 min,"Crime, Drama, Mystery",N/A,N/A,"Leah Allers, Kate del Castillo, Pati Lauren","The first lady of Mexico is a woman of conviction and ideals. But when she loses faith in her husband, she'll need all her strength to uncover the truth.",Spanish,Mexico,3 nominations total,https://m.media-amazon.com/images/M/MV5BMTU4NjMxOTQ5MV5BMl5BanBnXkFtZTgwNDUzMTgxNjM@._V1_SX300.jpg,"[{'Source': 'Internet Movie Database', 'Value': '7.0/10'}]",N/A,7.0,"3,660",tt6495756,series,,,,,True,tt6495756,True,,,,3
Zootopia,2016,N/A,04 Mar 2016,N/A,Talk-Show,N/A,N/A,N/A,"Shaurya Chawla reviews ""Zootopia"", discussing the themes it tackles and its gorgeous animation.",N/A,N/A,N/A,https://m.media-amazon.com/images/M/MV5BM2UyOTQ3ZGUtMGM3YS00MTJmLThmYWQtMmRlYTE5MzQwOWQzXkEyXkFqcGdeQXVyNDE3MTU0Nzg@._V1_SX300.jpg,[],N/A,N/A,N/A,tt12853176,episode,,,,,True,tt12853176,True,1,5,tt12851602,
Meet the Blacks,2016,R,01 Apr 2016,94 min,"Comedy, Horror",Deon Taylor,"Deon Taylor, Nicole DeMasi","Mike Epps, Zulay Henao, Alex Henderson","As Carl Black gets the opportunity to move his family out of Chicago in hope of a better life, their arrival in Beverly Hills is timed with that city's annual purge, where all crime is legal for twelve hours.",English,United States,N/A,https://m.media-amazon.com/images/M/MV5BMzAxNDY3ODk3MF5BMl5BanBnXkFtZTgwMjYwNDA5NzE@._V1_SX300.jpg,"[{'Source': 'Internet Movie Database', 'Value': '4.8/10'}, {'Source': 'Rotten Tomatoes', 'Value': '17%'}, {'Source': 'Metacritic', 'Value': '26/100'}]",26,4.8,"38,313",tt4191580,movie,N/A,"$9,097,072",N/A,N/A,True,tt4191580,True,,,,
Finding Dory,2016,TV-14,23 Jun 2016,N/A,Talk-Show,Doug Walker,Doug Walker,Doug Walker,N/A,N/A,N/A,N/A,https://m.media-amazon.com/images/M/MV5BNGI5YzM3MGItYTczNS00MGUzLWI4ZjEtMjFmZmEwNTNhNzI0XkEyXkFqcGdeQXVyNzExMzc0MDg@._V1_SX300.jpg,[],N/A,N/A,N/A,tt10649072,episode,,,,,True,tt10649072,True,N/A,N/A,N/A,
Sausage Party,2016,N/A,04 Sep 2016,N/A,"Comedy, Talk-Show",N/A,N/A,N/A,N/A,N/A,N/A,N/A,N/A,[],N/A,N/A,N/A,tt13808486,episode,,,,,True,tt13808486,True,N/A,N/A,N/A,
Pete's Dragon,2016,PG,12 Aug 2016,102 min,"Action, Adventure, Comedy",David Lowery,"David Lowery, Toby Halbrooks, Malcolm Marmorstein","Bryce Dallas Howard, Robert Redford, Oakes Fegley","The adventures of an orphaned boy named Pete and his best friend Elliott, who happens to be a dragon.",English,"United States, United Kingdom, New Zealand, India",3 wins & 7 nominations total,https://m.media-amazon.com/images/M/MV5BMjBiYTdjZDUtYjg3ZS00YTA0LTkzZGUtMzA2OWEyOGZiN2VhXkEyXkFqcGc@._V1_SX300.jpg,"[{'Source': 'Internet Movie Database', 'Value': '6.7/10'}, {'Source': 'Rotten Tomatoes', 'Value': '88%'}, {'Source': 'Metacritic', 'Value': '71/100'}]",71,6.7,"64,160",tt2788732,movie,N/A,"$76,233,151",N/A,N/A,True,tt2788732,True,,,,
Kevin Hart: What Now?,2016,R,14 Oct 2016,96 min,"Documentary, Comedy","Leslie Small, Tim Story","Kevin Hart, Joey Wells, Harry Ratchford","Kevin Hart, Don Cheadle, Halle Berry","Comedian Kevin Hart performs in front of a crowd of 53,000 people at Philadelphia's outdoor venue, Lincoln Financial Field.",English,United States,1 nomination.,https://m.media-amazon.com/images/M/MV5BNzI2MDk3OTA5N15BMl5BanBnXkFtZTgwMDU1MDgxMDI@._V1_SX300.jpg,"[{'Source': 'Internet Movie Database', 'Value': '6.0/10'}, {'Source': 'Rotten Tomatoes', 'Value': '75%'}, {'Source': 'Metacritic', 'Value': '60/100'}]",60,6.0,"10,065",tt4669186,movie,N/A,"$23,591,043",N/A,N/A,True,tt4669186,True,,,,
The Discovery,2017,N/A,01 May 2017,4 min,"Animation, Short",Kate Allsebrook,N/A,Daniela DeAbreu,"When a rover is sent to mars, he discovers something unexpected. He soon wonders if telling the humans is really the best idea.",English,Canada,N/A,https://m.media-amazon.com/images/M/MV5BNjdkNWFlYTAtYzE2OS00YzQwLTkzOWUtYjk2M2Y3MDNhNjQ0XkEyXkFqcGdeQXVyMTE4MDkxMjM1._V1_SX300.jpg,[],N/A,N/A,N/A,tt12285944,movie,N/A,N/A,N/A,N/A,True,tt12285944,True,,,,
Cheer Squad,2016,TV-PG,06 Jul 2016,60 min,Reality-TV,N/A,N/A,Ali Moffatt,"Cheer squad is a show based on the Canadian cheer team The Great Whites. Will they be able to balance friendships,school,jobs,family to be on a team. Find out in Cheer Squad",English,United States,1 nomination,https://m.media-amazon.com/images/M/MV5BOWY3NDJiNTQtYmE4Yy00Y2ZjLThlOGEtMTgyMGE5ZjBlYmZiXkEyXkFqcGc@._V1_SX300.jpg,"[{'Source': 'Internet Movie Database', 'Value': '7.4/10'}]",N/A,7.4,178,tt5993744,series,,,,,True,tt5993744,True,,,,1
Only for One Night,2016,TV-14,10 Nov 2021,86 min,"Crime, Drama, Romance",Chris Stokes,N/A,"Brian White, Karrueche Tran, Angelique Pereira",A woman's husband with a perfect life cheats with her sister with extreme consequences befalling them all.,English,United States,N/A,https://m.media-amazon.com/images/M/MV5BMTc1NTYxMDQwM15BMl5BanBnXkFtZTgwMzA3MjAyODE@._V1_SX300.jpg,"[{'Source': 'Internet Movie Database', 'Value': '4.4/10'}]",N/A,4.4,796,tt5505722,movie,N/A,N/A,N/A,N/A,True,tt5505722,True,,,,
The Life Aquatic with Steve Zissou,2004,R,25 Dec 2004,119 min,"Action, Adventure, Comedy",Wes Anderson,"Wes Anderson, Noah Baumbach","Bill Murray, Owen Wilson, Anjelica Huston","With a plan to exact revenge on a legendary shark that killed his partner, oceanographer Steve Zissou (Bill Murray) rallies a crew that includes his estranged wife, a journalist, and a man who may or may not be his son.","English, Icelandic, Filipino, Portuguese, French, Tagalog, German, Italian",United States,3 wins & 10 nominations total,https://m.media-amazon.com/images/M/MV5BMTYzODYzNzg2MF5BMl5BanBnXkFtZTcwMTkzOTQzMw@@._V1_SX300.jpg,"[{'Source': 'Internet Movie Database', 'Value': '7.2/10'}, {'Source': 'Rotten Tomatoes', 'Value': '73%'}, {'Source': 'Metacritic', 'Value': '62/100'}]",62,7.2,"220,305",tt0362270,movie,N/A,"$24,020,403",N/A,N/A,True,tt0362270,True,,,,
The L Word,2009,N/A,05 Jan 2009,30 min,Reality-TV,Gary Shaffer,Sean Travis,"Whitney Port, Jay Lyon, Erin Lucas, Adam Senn",Whitney gets mixed signals from Jay and decides to ask him directly where she stands.,English,USA,N/A,https://m.media-amazon.com/images/M/MV5BOTQyNzg3NzE0OV5BMl5BanBnXkFtZTcwODg4NzA1Mg@@._V1_SX300.jpg,"[{'Source': 'Internet Movie Database', 'Value': '5.7/10'}]",N/A,5.7,6,tt1350956,episode,,,,,True,tt1350956,True,N/A,N/A,N/A,
Don't Trust the B---- in Apartment 23,2012–2013,TV-14,11 Apr 2012,N/A,Comedy,N/A,Nahnatchka Khan,"Krysten Ritter, Dreama Walker, Michael Blaiklock",A naive young woman finds herself with a wild roommate when she moves to New York.,English,United States,2 wins & 11 nominations total,https://m.media-amazon.com/images/M/MV5BNDkwMTY4MDIwM15BMl5BanBnXkFtZTcwODc4MDk2Nw@@._V1_SX300.jpg,"[{'Source': 'Internet Movie Database', 'Value': '7.3/10'}]",N/A,7.3,"41,832",tt1819509,series,,,,,True,tt1819509,True,,,,2
Friends with Benefits,2011,TV-14,05 Aug 2011,21 min,Comedy,N/A,"Scott Neustadter, Michael H. Weber","Ryan Hansen, Danneel Ackles, Zach Cregger","Five friends are all looking for the loves of their lives, but settle for less in the meantime.",English,United States,N/A,https://m.media-amazon.com/images/M/MV5BYmNlOGNmOWUtY2MxMi00M2NhLTk1ZTQtMzE4NTQ3NDE3YTJjXkEyXkFqcGc@._V1_SX300.jpg,"[{'Source': 'Internet Movie Database', 'Value': '6.5/10'}]",N/A,6.5,"3,552",tt1604113,series,,,,,True,tt1604113,True,,,,1
5 to 7,2014,R,12 Feb 2015,95 min,"Comedy, Drama, Romance",Victor Levin,Victor Levin,"Anton Yelchin, Bérénice Marlohe, Olivia Thirlby","An aspiring novelist enters into a relationship with a woman, though there's just one catch: She's married and the couple can only meet between the hours of 5 and 7 each evening.","English, French",United States,1 win & 1 nomination total,https://m.media-amazon.com/images/M/MV5BMTQ4Mzg3ODQ4M15BMl5BanBnXkFtZTgwMjA3NjE1NDE@._V1_SX300.jpg,"[{'Source': 'Internet Movie Database', 'Value': '7.1/10'}, {'Source': 'Rotten Tomatoes', 'Value': '70%'}, {'Source': 'Metacritic', 'Value': '52/100'}]",52,7.1,"21,959",tt2486678,movie,N/A,"$162,685",N/A,N/A,True,tt2486678,True,,,,
Lovesick,2016,N/A,27 Jan 2017,93 min,"Drama, Romance",Tyson Caron,Tyson Caron,"Jay Baruchel, Adam Brooks, Sarah Constible","Dash is 33, broke, depressed and still in love with his ex, Lauren, who suddenly gets engaged. It all seems hopeless until he meets Nora - a spontaneous and unforgettable woman. But timing is everything, and Nora's not going to wa...",English,Canada,2 wins & 2 nominations,https://m.media-amazon.com/images/M/MV5BZTAyZTQ1YmUtYmMzZi00MjFiLWJkOTQtYmI4ZjE5ZDNhMDg1L2ltYWdlL2ltYWdlXkEyXkFqcGdeQXVyMjUwNjAwMA@@._V1_SX300.jpg,"[{'Source': 'Internet Movie Database', 'Value': '4.7/10'}, {'Source': 'Rotten Tomatoes', 'Value': '50%'}]",N/A,4.7,298,tt4996022,movie,N/A,N/A,N/A,N/A,True,tt4996022,True,,,,
Flaked,2016–2017,TV-MA,11 Mar 2016,30 min,"Comedy, Drama, Romance",N/A,"Will Arnett, Mark Chappell","Will Arnett, David Sullivan, Ruth Kearney","A recovering alcoholic faces reality after a life changing accident in Venice Beach, California.",English,United States,N/A,https://m.media-amazon.com/images/M/MV5BODQ0MTM2MjU4N15BMl5BanBnXkFtZTgwNzkxMzE0MjI@._V1_SX300.jpg,"[{'Source': 'Internet Movie Database', 'Value': '7.2/10'}]",N/A,7.2,"12,940",tt4973548,series,,,,,True,tt4973548,True,,,,2
Master of None,2015–2021,TV-MA,06 Nov 2015,1 min,"Comedy, Drama",N/A,"Aziz Ansari, Alan Yang","Aziz Ansari, Eric Wareheim, Lena Waithe","The personal and professional life of Dev, a 30-year-old actor in New York.",English,United States,Won 3 Primetime Emmys. 21 wins & 76 nominations total,https://m.media-amazon.com/images/M/MV5BMjI1MDgyMTMwMF5BMl5BanBnXkFtZTgwMDU5MzAxNzE@._V1_SX300.jpg,"[{'Source': 'Internet Movie Database', 'Value': '8.2/10'}]",N/A,8.2,"78,581",tt4635276,series,,,,,True,tt4635276,True,,,,3
Chelsea,2017,N/A,N/A,N/A,N/A,N/A,N/A,N/A,N/A,N/A,N/A,N/A,N/A,[],N/A,N/A,N/A,tt10017814,episode,,,,,True,tt10017814,True,N/A,N/A,N/A,
Abstract: The Art of Design,2017–2019,TV-14,21 Jan 2017,45 min,Documentary,N/A,N/A,"Tinker Hatfield, Platon, Cas Holman","A look beyond blueprints and computers into the art and science of design, showcasing great designers from every discipline whose work shapes our world.",English,United States,Nominated for 1 Primetime Emmy. 1 win & 2 nominations total,https://m.media-amazon.com/images/M/MV5BMTUyMDU4NzE0Nl5BMl5BanBnXkFtZTgwMzg0MDQyMTI@._V1_SX300.jpg,"[{'Source': 'Internet Movie Database', 'Value': '8.3/10'}]",N/A,8.3,"6,130",tt6333098,series,,,,,True,tt6333098,True,,,,2
Cooper Barrett's Guide to Surviving Life,2016,TV-14,03 Jan 2016,1 min,Comedy,N/A,Jay Lacopo,"Jack Cutmore-Scott, Meaghan Rath, James Earl","Cooper Barrett, along with his friends/roommates Barry and Neal, is figuring out his life beyond hedonistic behavior. Cooper is seriously attracted to neighbor Kelly while ignoring advice from his brother Josh and his wife Leslie.",English,United States,N/A,https://m.media-amazon.com/images/M/MV5BMWYxYmNlY2ItZDQ3NC00YjIzLTkzM2UtNmUwOGE1NmU0OGU3XkEyXkFqcGc@._V1_SX300.jpg,"[{'Source': 'Internet Movie Database', 'Value': '6.3/10'}]",N/A,6.3,"1,651",tt4452688,series,,,,,True,tt4452688,True,,,,1
Life in Pieces,2015–2019,TV-14,21 Sep 2015,22 min,Comedy,N/A,Justin Adler,"Colin Hanks, Betsy Brandt, Thomas Sadoski",A family comedy told through the separate stories of different family members.,English,United States,4 nominations total,https://m.media-amazon.com/images/M/MV5BNmNkM2YwNGEtYjBiMC00MmY4LTk2Y2EtMTFiZmYwNzNkZTM3XkEyXkFqcGc@._V1_SX300.jpg,"[{'Source': 'Internet Movie Database', 'Value': '8.0/10'}]",N/A,8.0,"18,190",tt4384086,series,,,,,True,tt4384086,True,,,,4
Easy,2016–2019,TV-MA,22 Sep 2016,1 min,Comedy,N/A,Joe Swanberg,"Michael Chernus, Jane Adams, Elizabeth Reaser","Intertwined groups of friends in Chicago fumble through the modern maze of love, sex, technology and culture.",English,United States,1 win & 4 nominations total,https://m.media-amazon.com/images/M/MV5BMjA3MTAyNzUyNF5BMl5BanBnXkFtZTgwNDk4NzgwMDI@._V1_SX300.jpg,"[{'Source': 'Internet Movie Database', 'Value': '6.9/10'}]",N/A,6.9,"15,835",tt5562056,series,,,,,True,tt5562056,True,,,,3
No Tomorrow,2016–2017,TV-PG,04 Oct 2016,43 min,"Comedy, Drama, Romance",N/A,"Corinne Brinkerhoff, Scott McCabe, Tory Stanton","Joshua Sasse, Tori Anderson, Jonathan Langdon","Evie, a risk-averse quality-control assessor falls for free-spirited thrill seeker Xavier only to find out he lives his life that way because he believes the apocalypse is coming.",English,United States,2 nominations total,https://m.media-amazon.com/images/M/MV5BMTc2ODUwNjgyMF5BMl5BanBnXkFtZTgwNTE0NDg4OTE@._V1_SX300.jpg,"[{'Source': 'Internet Movie Database', 'Value': '7.2/10'}]",N/A,7.2,"5,475",tt5595688,series,,,,,True,tt5595688,True,,,,1
Hot Girls Wanted: Turned On,2017,TV-MA,21 Apr 2017,1 min,Documentary,N/A,N/A,"James Rhine, Lauren Phillips, Gia Paige","Personal stories reveal how the intersection of sex, technology and intimate relationships is rewiring us in fundamental ways.",English,United States,N/A,https://m.media-amazon.com/images/M/MV5BMjM5NDI3ODMxM15BMl5BanBnXkFtZTgwNTIwOTcwMjI@._V1_SX300.jpg,"[{'Source': 'Internet Movie Database', 'Value': '6.6/10'}]",N/A,6.6,"2,487",tt6333104,series,,,,,True,tt6333104,True,,,,1
Win It All,2017,TV-MA,07 Apr 2017,88 min,Comedy,Joe Swanberg,"Jake Johnson, Joe Swanberg","Jake Johnson, Rony Shemon, Morgan Ng","A small-time gambler agrees to stash a bag for an acquaintance who is heading to prison. When he discovers cash in the bag, he can't resist the urge to dip into the funds.",English,United States,1 nomination,https://m.media-amazon.com/images/M/MV5BZGQ2ODI3ODYtNjIwZS00MDA0LWFjYTUtNDUzODFjMTIyZWY0XkEyXkFqcGc@._V1_SX300.jpg,"[{'Source': 'Internet Movie Database', 'Value': '6.2/10'}, {'Source': 'Rotten Tomatoes', 'Value': '85%'}, {'Source': 'Metacritic', 'Value': '77/100'}]",77,6.2,"10,385",tt3155328,movie,N/A,N/A,N/A,N/A,True,tt3155328,True,,,,
Amy Schumer: The Leather Special,2017,TV-MA,06 Mar 2017,57 min,Comedy,Amy Schumer,Amy Schumer,"Amy Schumer, Kim Caramele","Three minutes into her set, Amy Schumer claims that all good comedians have a ""leather special,"" where they wear all leather and regret it later in their careers--this is hers. Amy muses on love, life, dating, and womanhood in her...",English,United States,1 nomination,https://m.media-amazon.com/images/M/MV5BMDgwYmJkY2QtNDdkMC00MzI2LWI3N2ItNWNmNDNjNDVmZmFlXkEyXkFqcGc@._V1_SX300.jpg,"[{'Source': 'Internet Movie Database', 'Value': '3.2/10'}, {'Source': 'Rotten Tomatoes', 'Value': '50%'}]",N/A,3.2,"10,669",tt6616074,movie,N/A,N/A,N/A,N/A,True,tt6616074,True,,,,
Louis C.K. 2017,2017,TV-MA,04 Apr 2017,74 min,Comedy,Louis C.K.,Louis C.K.,"Louis C.K., Joe List","Louis C.K. muses on religion, eternal love, giving dogs drugs, email fights, teachers, and more in a live performance from Washington D.C.",English,United States,Nominated for 2 Primetime Emmys. 2 nominations total,https://m.media-amazon.com/images/M/MV5BNDFkNzFmYmItZTNmNC00ZDlmLTk1MTMtNmIxZDE2YWU5NThlXkEyXkFqcGc@._V1_SX300.jpg,"[{'Source': 'Internet Movie Database', 'Value': '7.6/10'}, {'Source': 'Rotten Tomatoes', 'Value': '95%'}]",N/A,7.6,"11,194",tt6736782,movie,N/A,N/A,N/A,N/A,True,tt6736782,True,,,,
Dave Chappelle,2017,N/A,N/A,1 min,"Documentary, Comedy",N/A,N/A,Dave Chappelle,"Comedian Dave Chappelle makes his triumphant return to the screen with a pair of blistering, never-before-aired specials from his personal vault.",English,United States,N/A,https://m.media-amazon.com/images/M/MV5BN2E2NGUxZTctMDI2MS00NTYyLTlkYzEtNmJkOTZkNmFjYzJmXkEyXkFqcGc@._V1_SX300.jpg,"[{'Source': 'Internet Movie Database', 'Value': '8.6/10'}]",N/A,8.6,"3,148",tt6963504,series,,,,,True,tt6963504,True,,,,1
Almost Adults,2016,TV-14,07 Feb 2017,90 min,"Comedy, Drama",Sarah Rotella,Adrianna DiLonardo,"Natasha Negovanlis, Elise Bauman, Justin Gerhard",A film about growing apart when growing up. Two best friends relationship strains when one deals with her newfound sexuality and the other with breaking up with her long term boyfriend.,English,Canada,N/A,https://m.media-amazon.com/images/M/MV5BYWM3NGQ2Y2EtYmU2Ni00YjIxLWFhZjMtMDBkZjcwNTAxY2JlXkEyXkFqcGc@._V1_SX300.jpg,"[{'Source': 'Internet Movie Database', 'Value': '5.6/10'}, {'Source': 'Rotten Tomatoes', 'Value': '80%'}]",N/A,5.6,"3,172",tt4686862,movie,07 Mar 2017,N/A,N/A,N/A,True,tt4686862,True,,,,
The Brothers,2001,R,23 Mar 2001,106 min,"Comedy, Drama, Romance",Gary Hardwick,Gary Hardwick,"Morris Chestnut, Shemar Moore, D.L. Hughley",Four friends begin to question women and relationships when one of them announces impending nuptials.,"English, French",United States,1 win & 8 nominations,https://m.media-amazon.com/images/M/MV5BMjA3OTM2NDM3NV5BMl5BanBnXkFtZTYwNjA3NjU3._V1_SX300.jpg,"[{'Source': 'Internet Movie Database', 'Value': '6.3/10'}, {'Source': 'Rotten Tomatoes', 'Value': '64%'}, {'Source': 'Metacritic', 'Value': '50/100'}]",50,6.3,"5,147",tt0250274,movie,N/A,"$27,457,409",N/A,N/A,True,tt0250274,True,,,,
Skins,2013,TV-14,22 Sep 2013,12 min,"Animation, Comedy","Matt Maiellaro, Dave Willis","Matt Maiellaro, Dave Willis","Thomas DeCoud, Mary Kraft, Rob Kutner",Master Shake joins a hippie drum circle.,English,United States,N/A,https://m.media-amazon.com/images/M/MV5BMTg2OTcwNzcyM15BMl5BanBnXkFtZTgwMTU4OTM0MjE@._V1_SX300.jpg,[],N/A,N/A,89,tt3227038,episode,,,,,True,tt3227038,True,10,6,tt0297494,
BoJack Horseman,2016,N/A,26 Sep 2016,N/A,"Animation, Comedy, Horror",N/A,N/A,Steve Simpson,N/A,N/A,N/A,N/A,https://m.media-amazon.com/images/M/MV5BYTMwZmIxNjQtNzViMy00ZDg3LWIxNzMtMWI3YWYxYzNkYThjXkEyXkFqcGc@._V1_SX300.jpg,[],N/A,N/A,N/A,tt13808490,episode,,,,,True,tt13808490,True,N/A,N/A,N/A,
Unbreakable Kimmy Schmidt,2016,N/A,24 Jan 2016,N/A,Talk-Show,Jonn Blanchard,"Jonn Blanchard, Stuart Lawson","Jonn Blanchard, Stuart Lawson",With the upcoming second series we take a look at the Netflix exclusive Unbreakable Kimmy Schmidt.,N/A,N/A,N/A,https://m.media-amazon.com/images/M/MV5BMTk5ODA0MDE2NF5BMl5BanBnXkFtZTgwNzE3NTEzNzE@._V1_SX300.jpg,[],N/A,N/A,N/A,tt5370396,episode,,,,,True,tt5370396,True,2,5,tt5186584,
Bordertown,2016,TV-14,03 Jan 2016,21 min,"Animation, Comedy",N/A,Mark Hentemann,"Hank Azaria, Nicholas Gonzalez, Judah Friedlander",How two families living in a Southwest desert town on the United States-Mexico border inevitably cross and are bound by friendship and conflict.,"English, Spanish",United States,N/A,https://m.media-amazon.com/images/M/MV5BMGYyZjY4MTYtZjdlMi00NGQzLTk3MDMtOGNkNTEzNDNhOGNhXkEyXkFqcGc@._V1_SX300.jpg,"[{'Source': 'Internet Movie Database', 'Value': '5.6/10'}]",N/A,5.6,"3,406",tt3323254,series,,,,,True,tt3323254,True,,,,1
The Carmichael Show,2016,TV-PG,11 May 2016,60 min,Talk-Show,Debbie Miller,N/A,"Wendy Williams, Loretta Devine, Shaun T.","Loretta Devine discusses The Carmichael Show (2015). Shaun T. demonstrates a celebrity workout; and ""Wendy's May-cation Sweepstakes"" continues.",N/A,N/A,N/A,https://m.media-amazon.com/images/M/MV5BMTkyZGVhYzctNDFmMS00YjIyLWFjZDktYzY3Y2E3MzU0NTZiXkEyXkFqcGdeQXVyMTg1MjA1Mjk@._V1_SX300.jpg,[],N/A,N/A,N/A,tt5659122,episode,,,,,True,tt5659122,True,8,149,tt1261356,
November Rule,2015,N/A,14 Feb 2015,94 min,"Comedy, Romance",Mike Elliott,"Candice Childress, Juwan Lee, Cecelia Ross","Mo McRae, Tatyana Ali, DJ Qualls","Up-and-coming sports shoe entrepreneur Steve, who is still reeling from the death of his dad, has made a ""November rule"" in order to keep his distance from the women who seem to be getting too serious about their relationship. Eve...",English,United States,N/A,https://m.media-amazon.com/images/M/MV5BYzYyZjM5OWEtYTdlYy00MTdjLWFkODgtYTM5MjZlYWE1YTM0XkEyXkFqcGc@._V1_SX300.jpg,"[{'Source': 'Internet Movie Database', 'Value': '5.4/10'}]",N/A,5.4,907,tt3273434,movie,N/A,N/A,N/A,N/A,True,tt3273434,True,,,,
Haters Back Off,2016,N/A,19 Oct 2016,N/A,Comedy,Nathaniel Avila,Nathaniel Avila (creator),"Nathaniel Avila, Lindsey Craft",N/A,N/A,N/A,N/A,https://m.media-amazon.com/images/M/MV5BZjgzNWUxYmQtMzI4OS00ZjBlLWEyZjMtMGNmOWQ4NmViZmFkXkEyXkFqcGdeQXVyNDE3MTIxOTk@._V1_SX300.jpg,[],N/A,N/A,N/A,tt6322176,episode,,,,,True,tt6322176,True,2,4,tt5086032,
Crazyhead,2016,TV-MA,16 Dec 2016,60 min,"Comedy, Horror, Sci-Fi",N/A,Howard Overman,"Cara Theobold, Susan Wokoma, Lewis Reeves",Amy and Raquel attempt to navigate their way through the choppy waters of their early twenties whilst simultaneously kicking ass on some seriously gnarly demons. What could possibly go wrong?,English,United Kingdom,3 wins total,https://m.media-amazon.com/images/M/MV5BYTgyZWRiMWQtMmY2ZC00MmJmLWFkMjAtZDdlNjgyODMzZGRkXkEyXkFqcGc@._V1_SX300.jpg,"[{'Source': 'Internet Movie Database', 'Value': '7.2/10'}]",N/A,7.2,"5,600",tt6038584,series,,,,,True,tt6038584,True,,,,1
Queen of Katwe,2016,PG,30 Sep 2016,124 min,"Biography, Drama, Sport",Mira Nair,"William Wheeler, Tim Crothers","Madina Nalwanga, David Oyelowo, Lupita Nyong'o","Living in the slum of Katwe in Kampala, Uganda, is a constant struggle for 10-year-old Phiona and her family. Her world changes one day when she meets Robert Katende, a missionary who teaches children how to play chess.",English,United States,4 wins & 30 nominations total,https://m.media-amazon.com/images/M/MV5BNzQ0MDg2NTY4N15BMl5BanBnXkFtZTgwOTk2NzU3OTE@._V1_SX300.jpg,"[{'Source': 'Internet Movie Database', 'Value': '7.4/10'}, {'Source': 'Rotten Tomatoes', 'Value': '94%'}, {'Source': 'Metacritic', 'Value': '73/100'}]",73,7.4,"19,781",tt4341582,movie,N/A,"$8,874,389",N/A,N/A,True,tt4341582,True,,,,
Little Boxes,2016,Not Rated,14 Apr 2017,84 min,"Comedy, Drama",Rob Meyer,Annie J. Howell,"Melanie Lynskey, Nelsan Ellis, Armani Jackson","An interracial family struggles to adjust when they move from New York City to a small, predominately white town in Washington State.",English,United States,5 nominations,https://m.media-amazon.com/images/M/MV5BZWJhOTgzNTktY2RlYS00OGFiLWE5NzItNTYyNjA2YWRkMTBhXkEyXkFqcGdeQXVyNzQ0NDk2NTA@._V1_SX300.jpg,"[{'Source': 'Internet Movie Database', 'Value': '5.9/10'}, {'Source': 'Rotten Tomatoes', 'Value': '70%'}, {'Source': 'Metacritic', 'Value': '52/100'}]",52,5.9,"2,217",tt5030402,movie,N/A,"$2,230,700",N/A,N/A,True,tt5030402,True,,,,
Deidra & Laney Rob a Train,2017,TV-14,17 Mar 2017,92 min,"Comedy, Crime, Drama",Sydney Freeland,Shelby Farrell,"Ashleigh Murray, Rachel Crow, Lance Gray","After their mother ends up in jail, two sisters turn to train robbery in order to support their family.",English,United States,1 nomination,https://m.media-amazon.com/images/M/MV5BMjAxNzA0NTQxMl5BMl5BanBnXkFtZTgwMDk2NjQ3MTI@._V1_SX300.jpg,"[{'Source': 'Internet Movie Database', 'Value': '6.0/10'}, {'Source': 'Rotten Tomatoes', 'Value': '92%'}, {'Source': 'Metacritic', 'Value': '65/100'}]",65,6.0,"2,115",tt4144332,movie,N/A,N/A,N/A,N/A,True,tt4144332,True,,,,
Hurricane Bianca,2016,TV-MA,19 Sep 2016,84 min,"Comedy, Drama",Matt Kugelman,Matt Kugelman,"Roy Haylock, Lola Botha, Grayson Thorne Kilpatrick","A New York teacher, who moves to small town Texas where he's fired for being gay, returns disguised as a mean lady to get revenge on the nasty town.","English, Spanish",United States,1 win,https://m.media-amazon.com/images/M/MV5BNjMwOGI0OGUtNjVmMy00ODg4LWE2M2YtZjU3OWUwYzI4Nzc5XkEyXkFqcGc@._V1_SX300.jpg,"[{'Source': 'Internet Movie Database', 'Value': '5.8/10'}, {'Source': 'Rotten Tomatoes', 'Value': '50%'}]",N/A,5.8,"6,765",tt4007248,movie,N/A,N/A,N/A,N/A,True,tt4007248,True,,,,
Honeytrap,2014,N/A,23 Sep 2016,93 min,"Crime, Drama, Romance",Rebecca Johnson,Rebecca Johnson,"Jessica Sula, Lucien Laviscount, Ntonga Mwanza","In Brixton, London, 15-year-old Layla gets sucked into gang activity.",English,United Kingdom,3 nominations,https://m.media-amazon.com/images/M/MV5BNjEyOTgwNjE3MF5BMl5BanBnXkFtZTgwNzM3NTMwMDI@._V1_SX300.jpg,"[{'Source': 'Internet Movie Database', 'Value': '5.9/10'}, {'Source': 'Rotten Tomatoes', 'Value': '89%'}]",N/A,5.9,831,tt3159818,movie,N/A,N/A,N/A,N/A,True,tt3159818,True,,,,
Greenleaf,2016–2020,TV-14,21 Jun 2016,1 min,Drama,N/A,Craig Wright,"Merle Dandridge, Kim Hawthorne, Desiree Ross","The unscrupulous world of the Greenleaf family and their sprawling Memphis megachurch, dark secrets, and lies.",English,United States,5 wins & 12 nominations total,https://m.media-amazon.com/images/M/MV5BMTYxNzY0NDE1Ml5BMl5BanBnXkFtZTgwNzc0ODcwNjM@._V1_SX300.jpg,"[{'Source': 'Internet Movie Database', 'Value': '7.5/10'}]",N/A,7.5,"6,383",tt4971144,series,,,,,True,tt4971144,True,,,,5
Lazy Eye,2016,TV-MA,11 Nov 2016,87 min,"Comedy, Drama, Romance",Tim Kirkman,Tim Kirkman,"Drew Barr, Lucas Near-Verbrugghe, Michaela Watkins","Passions re-ignite and secrets revealed when a graphic designer reconnects with the great, lost love of his life for a weekend tryst at a house in the desert near Joshua Tree.",English,United States,1 win,https://m.media-amazon.com/images/M/MV5BYWJmNzE4ZjAtMjVkNC00MTdjLWI0ZDItYTVmMmI0NzQ3ZDNkXkEyXkFqcGdeQXVyNTIxNTM5NDc@._V1_SX300.jpg,"[{'Source': 'Internet Movie Database', 'Value': '6.4/10'}, {'Source': 'Rotten Tomatoes', 'Value': '67%'}, {'Source': 'Metacritic', 'Value': '39/100'}]",39,6.4,"1,951",tt4027504,movie,N/A,N/A,N/A,N/A,True,tt4027504,True,,,,
Like Cotton Twines,2016,Not Rated,01 Jun 2016,96 min,Drama,Leila Djansi,Leila Djansi,"Irene Adotey, Adjetey Anang, Brian Angels","An American volunteer teaching in a school in Africa must save one of his students, a 14 year old girl from religious slavery.",English,"United States, Georgia, Ghana",6 wins & 6 nominations,https://m.media-amazon.com/images/M/MV5BMTI3NzcxMjQtMTgyYy00MzIwLThmY2EtZjE0ZDE1MTA3NDQyL2ltYWdlXkEyXkFqcGdeQXVyNTM3MDMyMDQ@._V1_SX300.jpg,"[{'Source': 'Internet Movie Database', 'Value': '7.8/10'}]",N/A,7.8,75,tt5580516,movie,N/A,N/A,N/A,N/A,True,tt5580516,True,,,,
The Wedding Party,2016,PG-13,13 Jun 2017,112 min,"Comedy, Romance",Thane Economou,Thane Economou,"Michael Adler, Deniz Akdeniz, Molly Burnett",A groomsman must navigate a slew of disasters to maintain order at his best friend's wedding reception.,English,United States,1 win,https://m.media-amazon.com/images/M/MV5BOGYxZTBjOTMtOGNjNi00YTY1LWI5ZTEtZDVjYjRmZWQwNDRmXkEyXkFqcGdeQXVyNTkxNjI4NjY@._V1_SX300.jpg,"[{'Source': 'Internet Movie Database', 'Value': '4.8/10'}]",N/A,4.8,224,tt5260026,movie,N/A,N/A,N/A,N/A,True,tt5260026,True,,,,
Boy Bye,2016,N/A,N/A,83 min,"Drama, Romance",Chris Stokes,"Marques Houston, Chris Stokes","Wendy Raquel Robinson, Ross Fleming, Tammy Townsend","Veronica Love seems to have it all...she's smart, sassy and sexy and has a career as one of the most successful real estate entrepreneurs in California. Affectionately known as Love by her girlfriends Beverly and Charity, Love als...",English,United States,N/A,https://m.media-amazon.com/images/M/MV5BZTdjYmI1ZDMtNDY1Mi00YTcxLWFkZGQtODY3ZjllMmNhZDAwXkEyXkFqcGc@._V1_SX300.jpg,"[{'Source': 'Internet Movie Database', 'Value': '5.2/10'}]",N/A,5.2,435,tt6283780,movie,N/A,N/A,N/A,N/A,True,tt6283780,True,,,,
Nancy Drew,2007,PG,15 Jun 2007,99 min,"Comedy, Crime, Family",Andrew Fleming,"Andrew Fleming, Tiffany Paulsen, Mildred Wirt Benson","Emma Roberts, Tate Donovan, Max Thieriot","Teen detective Nancy Drew accompanies her father on a business trip to Los Angeles, where she happens upon clues to a murder mystery involving a movie star.",English,United States,7 nominations total,https://m.media-amazon.com/images/M/MV5BNWRiMWViNjQtNDY1Yy00ZDIzLWFjMTMtMzE4MmE4ZGE2NWQ2XkEyXkFqcGc@._V1_SX300.jpg,"[{'Source': 'Internet Movie Database', 'Value': '5.9/10'}, {'Source': 'Rotten Tomatoes', 'Value': '50%'}, {'Source': 'Metacritic', 'Value': '53/100'}]",53,5.9,"22,391",tt0479500,movie,N/A,"$25,661,055",N/A,N/A,True,tt0479500,True,,,,
Parenthood,2014,TV-PG,27 Nov 2014,59 min,Documentary,N/A,N/A,"David Attenborough, Ed Anderson, Rolf Steinmann",Offspring are the next best thing to immortality. Parents take great risks to raise them.,English,United Kingdom,N/A,https://m.media-amazon.com/images/M/MV5BMTgwNDIxMzYyN15BMl5BanBnXkFtZTgwMTM2NjUwNjE@._V1_SX300.jpg,"[{'Source': 'Internet Movie Database', 'Value': '8.8/10'}]",N/A,8.8,105,tt4240786,episode,,,,,True,tt4240786,True,1,6,tt4150884,
Life Unexpected,2010–2011,TV-PG,18 Jan 2010,1 min,Drama,N/A,Liz Tigelaar,"Shiri Appleby, Kristoffer Polaha, Britt Robertson",The life of 15-year-old Lux who was abandoned in foster care takes an unexpected turn when she applies for emancipation and the judge makes her stay with her biological parents.,English,"United States, Canada",1 win & 1 nomination total,https://m.media-amazon.com/images/M/MV5BYzg3MjIxODctODAzZC00YjVmLWExNzItODFmYTllOGEzM2MxXkEyXkFqcGc@._V1_SX300.jpg,"[{'Source': 'Internet Movie Database', 'Value': '7.5/10'}]",N/A,7.5,"15,889",tt1442109,series,,,,,True,tt1442109,True,,,,2
The Carrie Diaries,2013–2014,TV-14,14 Jan 2013,42 min,"Comedy, Drama, Romance",N/A,Amy Harris,"AnnaSophia Robb, Austin Butler, Ellen Wong","Carrie Bradshaw is in her junior year of high school in the early 1980s. She asks her first questions about love, sex, friendship and family while navigating the worlds of high school and Manhattan.",English,United States,4 nominations,https://m.media-amazon.com/images/M/MV5BMTYwNjEwMDcyM15BMl5BanBnXkFtZTgwMzIyMDA1MDE@._V1_SX300.jpg,"[{'Source': 'Internet Movie Database', 'Value': '7.0/10'}]",N/A,7.0,"29,251",tt2056366,series,,,,,True,tt2056366,True,,,,2
Baby Daddy,2016,N/A,04 May 2016,22 min,"Animation, Comedy, Family","Todd Kauffman, Mark Thornton",Alice Prodanou,"Kevin Duhaney, Lyon Smith","The animated adventures of Luc and Theo, two friends who are stuck in a time loop where every day is the same Monday! The guys fix the broken sprinkler system and reveal Splash Hanna's true identity.",N/A,N/A,N/A,https://m.media-amazon.com/images/M/MV5BZjkyZmRmZWYtMjUzOS00NTIyLTkwZWQtZDAzNGMwMjExNWIwXkEyXkFqcGdeQXVyNTM3MDMyMDQ@._V1_SX300.jpg,[],N/A,N/A,N/A,tt5853208,episode,,,,,True,tt5853208,True,1,12,tt5116628,
The Angriest Man in Brooklyn,2014,R,23 May 2014,83 min,"Comedy, Drama",Phil Alden Robinson,"Daniel Taplitz, Assi Dayan","Robin Williams, Mila Kunis, Peter Dinklage",A perpetually angry man is informed he has 90 minutes to live and promptly sets out to reconcile with his family and friends in the short time he has left.,English,United States,N/A,https://m.media-amazon.com/images/M/MV5BMjAxMTU5Mjk4OF5BMl5BanBnXkFtZTgwMTM4NDQ3MTE@._V1_SX300.jpg,"[{'Source': 'Internet Movie Database', 'Value': '5.7/10'}, {'Source': 'Rotten Tomatoes', 'Value': '9%'}, {'Source': 'Metacritic', 'Value': '21/100'}]",21,5.7,"25,151",tt1294970,movie,N/A,N/A,N/A,N/A,True,tt1294970,True,,,,
The Great Gilly Hopkins,2016,N/A,13 Oct 2016,N/A,Documentary,David Freydt,N/A,N/A,N/A,N/A,N/A,N/A,N/A,[],N/A,N/A,N/A,tt7048532,episode,,,,,True,tt7048532,True,10,86,tt2136662,
One Day at a Time,2017–2020,TV-PG,06 Jan 2017,2 min,"Comedy, Drama",N/A,"Gloria Calderón Kellett, Mike Royce","Justina Machado, Todd Grinnell, Isabella Gomez","Follows three generations of the same Cuban-American family living in the same house: a newly divorced former military mother, her teenage daughter and tween son, and her old-school mother.","English, Spanish",United States,Won 2 Primetime Emmys. 14 wins & 53 nominations total,https://m.media-amazon.com/images/M/MV5BMTU2OTQ5NDY5Nl5BMl5BanBnXkFtZTgwNTE2NzU2NDM@._V1_SX300.jpg,"[{'Source': 'Internet Movie Database', 'Value': '8.1/10'}]",N/A,8.1,"18,782",tt5339440,series,,,,,True,tt5339440,True,,,,4
Better Off Single,2016,Not Rated,07 Oct 2016,85 min,Comedy,Benjamin Cox,Benjamin Cox,"Aaron Tveit, Abby Elliott, Lauren Miller Rogen","""Better Off Single"" is the NYC dating comedy that follows one man's hallucination-fueled post-breakup quest to find new love...and himself.",English,United States,1 nomination total,https://m.media-amazon.com/images/M/MV5BMjMwNTM5MDk0Ml5BMl5BanBnXkFtZTgwNDI2MDUxOTE@._V1_SX300.jpg,"[{'Source': 'Internet Movie Database', 'Value': '4.4/10'}]",N/A,4.4,877,tt2081374,movie,N/A,N/A,N/A,N/A,True,tt2081374,True,,,,
The Matchbreaker,2016,PG,06 Dec 2016,94 min,"Comedy, Romance",Caleb Vetter,"Caleb Vetter, Wesley Elder, Marshal Younger","Wesley Elder, Christina Grimmie, Osric Chau",A young professional breakup artist reaches a crisis when the girl he's hired to target is the girl he's always wanted.,English,United States,N/A,https://m.media-amazon.com/images/M/MV5BZjI3NDk3MDgtOThiZC00Y2JmLWEwODAtNWYxOWM5YTc5NmUzXkEyXkFqcGc@._V1_SX300.jpg,"[{'Source': 'Internet Movie Database', 'Value': '5.6/10'}, {'Source': 'Rotten Tomatoes', 'Value': '58%'}]",N/A,5.6,"2,931",tt4269746,movie,06 Dec 2016,N/A,N/A,N/A,True,tt4269746,True,,,,
Slam,2017–,N/A,02 Oct 2017,N/A,Game-Show,N/A,N/A,Eleni Tsolaki,N/A,Greek,"France, Greece",N/A,https://m.media-amazon.com/images/M/MV5BNWQzMGRhMWItOWFhYi00MmZhLWExYjAtZTcwMDVjOTQzYjg4XkEyXkFqcGdeQXVyNjY0NzU4Nzc@._V1_SX300.jpg,[],N/A,N/A,N/A,tt7503744,series,,,,,True,tt7503744,True,,,,N/A
The Waterboy,1998,PG-13,06 Nov 1998,90 min,"Comedy, Sport",Frank Coraci,"Tim Herlihy, Adam Sandler","Adam Sandler, Kathy Bates, Henry Winkler",A waterboy for a college football team discovers he has a unique tackling ability and becomes a member of the team.,English,United States,6 wins & 6 nominations total,https://m.media-amazon.com/images/M/MV5BZTQxMWE5ZTEtYzI1OC00NDdkLWI0YjUtMTk4NjU0YWI4YjY0XkEyXkFqcGc@._V1_SX300.jpg,"[{'Source': 'Internet Movie Database', 'Value': '6.2/10'}, {'Source': 'Rotten Tomatoes', 'Value': '32%'}, {'Source': 'Metacritic', 'Value': '41/100'}]",41,6.2,"189,980",tt0120484,movie,N/A,"$161,491,646",N/A,N/A,True,tt0120484,True,,,,
10 Things I Hate About You,1999,PG-13,31 Mar 1999,97 min,"Comedy, Drama, Romance",Gil Junger,"Karen McCullah, Kirsten Smith, William Shakespeare","Heath Ledger, Julia Stiles, Joseph Gordon-Levitt","A high-school boy, Cameron, cannot date Bianca until her anti-social older sister, Kat, has a boyfriend. So, Cameron pays a mysterious boy, Patrick, to charm Kat.","English, French",United States,2 wins & 13 nominations total,https://m.media-amazon.com/images/M/MV5BOTQwYmRhNGQtODI2Mi00ZTRlLTk0Y2QtY2NkNjE1MGNhNTgwXkEyXkFqcGc@._V1_SX300.jpg,"[{'Source': 'Internet Movie Database', 'Value': '7.4/10'}, {'Source': 'Rotten Tomatoes', 'Value': '72%'}, {'Source': 'Metacritic', 'Value': '70/100'}]",70,7.4,"438,507",tt0147800,movie,N/A,"$38,178,166",N/A,N/A,True,tt0147800,True,,,,
Grease,1978,PG,16 Jun 1978,110 min,"Comedy, Musical, Romance",Randal Kleiser,"Jim Jacobs, Warren Casey, Bronte Woodard","John Travolta, Olivia Newton-John, Stockard Channing","Good girl Sandy Olsson and greaser Danny Zuko fell in love over the summer. When they unexpectedly discover they're now in the same high school, will they be able to rekindle their romance?",English,United States,Nominated for 1 Oscar. 8 wins & 10 nominations total,https://m.media-amazon.com/images/M/MV5BNGY0NzE0ZTctN2YzNC00M2IwLWI0OWYtMTAwZWU2NjZhMTQwXkEyXkFqcGc@._V1_SX300.jpg,"[{'Source': 'Internet Movie Database', 'Value': '7.2/10'}, {'Source': 'Rotten Tomatoes', 'Value': '65%'}, {'Source': 'Metacritic', 'Value': '70/100'}]",70,7.2,"323,963",tt0077631,movie,N/A,"$190,071,103",N/A,N/A,True,tt0077631,True,,,,
How to Lose a Guy in 10 Days,2003,PG-13,07 Feb 2003,116 min,"Comedy, Romance",Donald Petrie,"Michele Alexander, Jeannie Long, Kristen Buckley","Kate Hudson, Matthew McConaughey, Adam Goldberg","An advertising executive and ladies' man, to win a big campaign, bets that he can make a woman fall in love with him in 10 days.",English,"Germany, United States",1 win & 8 nominations total,https://m.media-amazon.com/images/M/MV5BMjE4NTA1NzExN15BMl5BanBnXkFtZTYwNjc3MjM3._V1_SX300.jpg,"[{'Source': 'Internet Movie Database', 'Value': '6.5/10'}, {'Source': 'Rotten Tomatoes', 'Value': '42%'}, {'Source': 'Metacritic', 'Value': '45/100'}]",45,6.5,"309,600",tt0251127,movie,N/A,"$105,813,373",N/A,N/A,True,tt0251127,True,,,,
The Benchwarmers,2006,PG-13,07 Apr 2006,85 min,"Comedy, Sport",Dennis Dugan,"Allen Covert, Nick Swardson","David Spade, Jon Heder, Rob Schneider",A trio of guys try and make up for missed opportunities in childhood by forming a three-player baseball team to compete against standard children's Little League squads.,"English, Spanish",United States,7 nominations total,https://m.media-amazon.com/images/M/MV5BMTcxMzg3NDQwNl5BMl5BanBnXkFtZTcwMjk1ODQzMQ@@._V1_SX300.jpg,"[{'Source': 'Internet Movie Database', 'Value': '5.6/10'}, {'Source': 'Rotten Tomatoes', 'Value': '13%'}, {'Source': 'Metacritic', 'Value': '25/100'}]",25,5.6,"57,779",tt0437863,movie,N/A,"$59,843,754",N/A,N/A,True,tt0437863,True,,,,
Step Up,2006,PG-13,11 Aug 2006,104 min,"Crime, Drama, Music",Anne Fletcher,"Duane Adler, Melissa Rosenberg","Channing Tatum, Jenna Dewan, Damaine Radcliff",A troubled guy but a gifted dancer attracts the attention of a talented ballerina at a Maryland school.,English,United States,1 win & 3 nominations total,https://m.media-amazon.com/images/M/MV5BYjFmOTU4MjgtNzFkNy00NDZlLThkMDUtNTExNTk1ZjhhZjNhXkEyXkFqcGc@._V1_SX300.jpg,"[{'Source': 'Internet Movie Database', 'Value': '6.5/10'}, {'Source': 'Rotten Tomatoes', 'Value': '22%'}, {'Source': 'Metacritic', 'Value': '48/100'}]",48,6.5,"132,872",tt0462590,movie,N/A,"$65,328,121",N/A,N/A,True,tt0462590,True,,,,
High School Musical 2,2007,TV-G,17 Aug 2007,104 min,"Comedy, Drama, Family",Kenny Ortega,Peter Barsocchini,"Zac Efron, Vanessa Hudgens, Ashley French",School's out for summer and the East High Wildcats are ready to make it the time of their lives after landing jobs in a wealthy country club owned by Sharpay and Ryan's family.,English,United States,Nominated for 2 Primetime Emmys. 5 wins & 10 nominations total,https://m.media-amazon.com/images/M/MV5BNjI5ODI4NTc1MF5BMl5BanBnXkFtZTgwMDg3ODYzMjE@._V1_SX300.jpg,"[{'Source': 'Internet Movie Database', 'Value': '5.3/10'}, {'Source': 'Rotten Tomatoes', 'Value': '83%'}]",N/A,5.3,"71,365",tt0810900,movie,N/A,N/A,N/A,N/A,True,tt0810900,True,,,,
Twilight,2008,PG-13,21 Nov 2008,122 min,"Drama, Fantasy, Romance",Catherine Hardwicke,"Melissa Rosenberg, Stephenie Meyer","Kristen Stewart, Robert Pattinson, Billy Burke","When Bella Swan moves to a small town in the Pacific Northwest, she falls in love with Edward Cullen, a mysterious classmate who reveals himself to be a 108-year-old vampire.",English,"United States, United Kingdom",34 wins & 16 nominations total,https://m.media-amazon.com/images/M/MV5BMTQ2NzUxMTAxN15BMl5BanBnXkFtZTcwMzEyMTIwMg@@._V1_SX300.jpg,"[{'Source': 'Internet Movie Database', 'Value': '5.4/10'}, {'Source': 'Rotten Tomatoes', 'Value': '48%'}, {'Source': 'Metacritic', 'Value': '56/100'}]",56,5.4,"522,520",tt1099212,movie,N/A,"$195,553,813",N/A,N/A,True,tt1099212,True,,,,
Coraline,2009,PG,06 Feb 2009,100 min,"Animation, Drama, Family",Henry Selick,"Henry Selick, Neil Gaiman","Dakota Fanning, Teri Hatcher, John Hodgman","Wandering her rambling old house in her boring new town, a young girl discovers a hidden door to a strangely idealized version of her life that seems too good to be true.","English, Russian",United States,Nominated for 1 Oscar. 8 wins & 46 nominations total,https://m.media-amazon.com/images/M/MV5BMzQxNjM5NzkxNV5BMl5BanBnXkFtZTcwMzg5NDMwMg@@._V1_SX300.jpg,"[{'Source': 'Internet Movie Database', 'Value': '7.8/10'}, {'Source': 'Rotten Tomatoes', 'Value': '91%'}, {'Source': 'Metacritic', 'Value': '80/100'}]",80,7.8,"297,596",tt0327597,movie,N/A,"$116,896,576",N/A,N/A,True,tt0327597,True,,,,
Hannah Montana: The Movie,2009,G,10 Apr 2009,102 min,"Comedy, Drama, Family",Peter Chelsom,"Dan Berendsen, Michael Poryes, Richard Correll","Miley Cyrus, Emily Osment, Billy Ray Cyrus","As Hannah Montana's popularity begins to take over her life, Miley Stewart, on the urging from her father takes a trip to her hometown of Crowley Corners, Tennessee to get some perspective on what matters in life the most.",English,United States,6 wins & 11 nominations total,https://m.media-amazon.com/images/M/MV5BMTkxNjUxODY3NF5BMl5BanBnXkFtZTcwMjQyMzMzMg@@._V1_SX300.jpg,"[{'Source': 'Internet Movie Database', 'Value': '4.7/10'}, {'Source': 'Rotten Tomatoes', 'Value': '43%'}, {'Source': 'Metacritic', 'Value': '47/100'}]",47,4.7,"47,336",tt1114677,movie,N/A,"$79,576,189",N/A,N/A,True,tt1114677,True,,,,
StarStruck,2010,TV-G,14 Feb 2010,90 min,"Comedy, Family, Music",Michael Grossman,"Barbara Johns, Annie DeYoung","Sterling Knight, Danielle Campbell, Maggie Castle","Jessica Olsen was expecting a normal trip to California with her family to visit her grandma. However, she agrees to join her older sister to find famous pop star Christopher Wilde.",English,United States,2 nominations total,https://m.media-amazon.com/images/M/MV5BMjU4MjZjZGMtMmMxMC00NGE1LWIzNDQtMWE1NmM1YjYzOTk4XkEyXkFqcGc@._V1_SX300.jpg,"[{'Source': 'Internet Movie Database', 'Value': '6.1/10'}]",N/A,6.1,"18,441",tt1579247,movie,N/A,N/A,N/A,N/A,True,tt1579247,True,,,,
Mean Girls 2,2011,PG-13,23 Jan 2011,96 min,"Comedy, Drama",Melanie Mayron,"Cliff Ruby, Elana Lesser, Allison Schroeder","Meaghan Martin, Donn Lamkin, Linden Ashby","The Plastics are back in the long-awaited follow-up to the smash hit Mean Girls - and now the clique is more fashionable, funny and ferocious than ever.",English,United States,1 win & 1 nomination.,https://m.media-amazon.com/images/M/MV5BMTYzMjUxNjQ3OF5BMl5BanBnXkFtZTcwMzgyMTkyNA@@._V1_SX300.jpg,"[{'Source': 'Internet Movie Database', 'Value': '4.1/10'}]",N/A,4.1,"27,202",tt1679235,movie,N/A,N/A,N/A,N/A,True,tt1679235,True,,,,
Hart of Dixie,2014,TV-PG,13 Jan 2014,60 min,Talk-Show,Debbie Miller,N/A,"Wendy Williams, Rachel Bilson, David Meister",N/A,N/A,N/A,N/A,https://m.media-amazon.com/images/M/MV5BMTkyZGVhYzctNDFmMS00YjIyLWFjZDktYzY3Y2E3MzU0NTZiXkEyXkFqcGdeQXVyMTg1MjA1Mjk@._V1_SX300.jpg,[],N/A,N/A,N/A,tt3433848,episode,,,,,True,tt3433848,True,5,86,tt1261356,
Safe Haven,2013,PG-13,14 Feb 2013,115 min,"Drama, Romance, Thriller",Lasse Hallström,"Dana Stevens, Gage Lansky, Nicholas Sparks","Julianne Hough, Josh Duhamel, Cobie Smulders","A young woman with a mysterious past lands in Southport, North Carolina where her bond with a widower forces her to confront the dark secret that haunts her.","English, Portuguese",United States,3 wins & 7 nominations total,https://m.media-amazon.com/images/M/MV5BMTg4MzcxODA3OV5BMl5BanBnXkFtZTcwMTYzNDkwOQ@@._V1_SX300.jpg,"[{'Source': 'Internet Movie Database', 'Value': '6.7/10'}, {'Source': 'Rotten Tomatoes', 'Value': '13%'}, {'Source': 'Metacritic', 'Value': '34/100'}]",34,6.7,"119,882",tt1702439,movie,N/A,"$71,349,120",N/A,N/A,True,tt1702439,True,,,,
The Night Shift,2016,N/A,14 Jul 2016,N/A,"Drama, Sci-Fi",Adam Gold,Adam Gold,"Boston Rush Freeman, Kirsten Dwyer, Hunter Ridenour, Steven Cloyes",N/A,English,USA,N/A,N/A,[],N/A,N/A,N/A,tt5001390,movie,N/A,N/A,N/A,N/A,True,tt5001390,True,,,,
Reign,2015,N/A,16 Jun 2015,70 min,Drama,Corey Misquita,Corey Misquita,"Jordan Todosey, Samantha Weinstein, Julian Richings",Follows two long time best friends and their relationship as it begins to deteriorate when one of them becomes the bully and the other a victim.,English,Canada,3 wins & 1 nomination,https://m.media-amazon.com/images/M/MV5BOWZiM2Y3YmItZTU3Ni00ZTZlLWJlZmQtZTFjMzNhNDcyMWM3XkEyXkFqcGc@._V1_SX300.jpg,"[{'Source': 'Internet Movie Database', 'Value': '7.7/10'}]",N/A,7.7,26,tt3918010,movie,N/A,N/A,N/A,N/A,True,tt3918010,True,,,,
Gilmore Girls: A Year in the Life,2016,TV-14,25 Nov 2016,2 min,"Comedy, Drama",N/A,Amy Sherman-Palladino,"Lauren Graham, Alexis Bledel, Scott Patterson","Set nearly a decade after the finale of the original series, this revival follows Lorelai, Rory and Emily Gilmore through four seasons of change.",English,United States,6 nominations total,https://m.media-amazon.com/images/M/MV5BODM1OTk4MDY2M15BMl5BanBnXkFtZTgwOTEwNzczMDI@._V1_SX300.jpg,"[{'Source': 'Internet Movie Database', 'Value': '7.4/10'}]",N/A,7.4,"49,091",tt5435008,series,,,,,True,tt5435008,True,,,,1
The Wedding Planner,2001,PG-13,26 Jan 2001,103 min,"Comedy, Romance",Adam Shankman,"Pamela Falk, Michael Ellis","Jennifer Lopez, Matthew McConaughey, Bridgette Wilson-Sampras",Mary Fiore is San Francisco's most successful supplier of romance and glamor. She knows all the tricks. She knows all the rules. But then she breaks the most important rule of all: she falls in love with the groom.,"English, Italian","Germany, United States",2 wins & 6 nominations total,https://m.media-amazon.com/images/M/MV5BZmNkOGFiZjktMGFlZi00NGU2LThkYzUtOGFlZDExNDcxMzY2XkEyXkFqcGc@._V1_SX300.jpg,"[{'Source': 'Internet Movie Database', 'Value': '5.4/10'}, {'Source': 'Metacritic', 'Value': '33/100'}]",33,5.4,"90,779",tt0209475,movie,N/A,"$60,400,856",N/A,N/A,True,tt0209475,True,,,,
Blow,2001,R,06 Apr 2001,124 min,"Biography, Crime, Drama",Ted Demme,"Bruce Porter, David McKenna, Nick Cassavetes","Johnny Depp, Penélope Cruz, Franka Potente","The story of how George Jung, along with the Medellín Cartel headed by Pablo Escobar, established the American cocaine market in the 1970s in the United States.",English,United States,3 wins & 9 nominations total,https://m.media-amazon.com/images/M/MV5BNTNkMzMwOWItM2FmYS00YmI2LWE4NjUtMmI5MDk0YTkwZjM2XkEyXkFqcGc@._V1_SX300.jpg,"[{'Source': 'Internet Movie Database', 'Value': '7.5/10'}, {'Source': 'Rotten Tomatoes', 'Value': '56%'}, {'Source': 'Metacritic', 'Value': '52/100'}]",52,7.5,"286,529",tt0221027,movie,N/A,"$52,990,775",N/A,N/A,True,tt0221027,True,,,,
High School Musical,2006,TV-G,20 Jan 2006,98 min,"Comedy, Drama, Family",Kenny Ortega,Peter Barsocchini,"Zac Efron, Vanessa Hudgens, Ashley French",A popular high school athlete and an academically gifted girl get roles in the school musical and develop a friendship that threatens East High's social order.,"English, Spanish",United States,Won 2 Primetime Emmys. 10 wins & 19 nominations total,https://m.media-amazon.com/images/M/MV5BNzA2MmIxYWUtOGRiYi00ZTVkLWE4YTQtY2MyN2I5ZmRmOTBjXkEyXkFqcGc@._V1_SX300.jpg,"[{'Source': 'Internet Movie Database', 'Value': '5.6/10'}, {'Source': 'Rotten Tomatoes', 'Value': '67%'}]",N/A,5.6,"104,403",tt0475293,movie,N/A,N/A,N/A,N/A,True,tt0475293,True,,,,
Bones,2016,N/A,01 Nov 2016,N/A,Horror,N/A,N/A,"Lorenz Abraham, Jesse Ridgway, Parker Zippel",N/A,N/A,N/A,N/A,https://m.media-amazon.com/images/M/MV5BMGMyOTA1NGUtOTFmYy00NWUxLTlhZjMtNTU0ZTliOWY3YmQxL2ltYWdlL2ltYWdlXkEyXkFqcGdeQXVyNjk3MjA4NDI@._V1_SX300.jpg,[],N/A,N/A,N/A,tt6525648,episode,,,,,True,tt6525648,True,1,28,tt6386434,
Revenge,2015,N/A,05 May 2015,45 min,"Documentary, History, War",N/A,N/A,N/A,N/A,N/A,N/A,N/A,https://m.media-amazon.com/images/M/MV5BMTE5ZWUxMmYtM2RiNi00MDE5LWE3NDctNTFiM2IxMTM4OTVkXkEyXkFqcGc@._V1_SX300.jpg,[],N/A,N/A,N/A,tt29352927,episode,,,,,True,tt29352927,True,1,6,tt26749166,
Scandal,2016,N/A,06 Apr 2016,N/A,Drama,Michael Selditch,N/A,"Luke Forbes, Chris Kies, Mo Rocca, Julie Tolivar",N/A,N/A,N/A,N/A,https://m.media-amazon.com/images/M/MV5BMTkxODIyNzA3Ml5BMl5BanBnXkFtZTgwODc5ODAyNTE@._V1_SX300.jpg,[],N/A,N/A,N/A,tt5267088,episode,,,,,True,tt5267088,True,2,17,tt4554780,
Magic Mike,2012,R,29 Jun 2012,110 min,"Comedy, Drama, Music",Steven Soderbergh,Reid Carolin,"Channing Tatum, Alex Pettyfer, Olivia Munn","A male stripper teaches a younger performer how to party, pick up women, and make easy money.",English,United States,10 wins & 14 nominations total,https://m.media-amazon.com/images/M/MV5BMTQzMDMzOTA5M15BMl5BanBnXkFtZTcwMjc4MTg4Nw@@._V1_SX300.jpg,"[{'Source': 'Internet Movie Database', 'Value': '6.1/10'}, {'Source': 'Rotten Tomatoes', 'Value': '78%'}, {'Source': 'Metacritic', 'Value': '72/100'}]",72,6.1,"152,203",tt1915581,movie,N/A,"$113,781,613",N/A,N/A,True,tt1915581,True,,,,
Trouble with the Curve,2012,PG-13,21 Sep 2012,111 min,"Drama, Romance, Sport",Robert Lorenz,Randy Brown,"Clint Eastwood, Amy Adams, John Goodman","A daughter tries to remedy her dysfunctional relationship with her ailing father, a decorated baseball scout, by helping him in a recruiting trip which could be his last.",English,United States,2 wins & 1 nomination total,https://m.media-amazon.com/images/M/MV5BMTUwNjMyMzQ3M15BMl5BanBnXkFtZTcwMjcwNDMyOA@@._V1_SX300.jpg,"[{'Source': 'Internet Movie Database', 'Value': '6.8/10'}, {'Source': 'Rotten Tomatoes', 'Value': '51%'}, {'Source': 'Metacritic', 'Value': '58/100'}]",58,6.8,"69,797",tt2083383,movie,N/A,"$35,763,137",N/A,N/A,True,tt2083383,True,,,,
Home,2015,N/A,01 Nov 2015,9 min,Short,Cole Bannick,Cole Bannick,"Josh Boggs, Sage Corradini, Ian Kairos",N/A,English,USA,N/A,https://m.media-amazon.com/images/M/MV5BYTNlYTlmMDktYTdlMC00ODUwLWE3NDUtZmJiM2U4MjMzNmEwXkEyXkFqcGdeQXVyMTA3MTExNTIx._V1_SX300.jpg,[],N/A,N/A,N/A,tt10887760,movie,N/A,N/A,N/A,N/A,True,tt10887760,True,,,,
Skin Wars,2016,TV-PG,20 Apr 2016,60 min,Talk-Show,Debbie Miller,N/A,"Wendy Williams, Rebecca Romijn","Rebecca Romijn stops by to talk about her show, Skin Wars (2014), and her marriage to Jerry O'Connell; and Wendy dishes on ""Hot Topics"".",N/A,N/A,N/A,https://m.media-amazon.com/images/M/MV5BMTkyZGVhYzctNDFmMS00YjIyLWFjZDktYzY3Y2E3MzU0NTZiXkEyXkFqcGdeQXVyMTg1MjA1Mjk@._V1_SX300.jpg,[],N/A,N/A,N/A,tt5614574,episode,,,,,True,tt5614574,True,8,134,tt1261356,
Lost,2010,TV-PG,30 Apr 2010,44 min,"Drama, Sci-Fi",Rohn Schmidt,"Brad Wright, Robert C. Cooper, Martin Gero","Robert Carlyle, Louis Ferreira, Brian J. Smith","Still trapped on the planet after the Destiny has jumped, Lt. Scott, Sgt. Greer, Chloe and Eli try to find a way out of the underground maze. After one is caught in another cave in, the remaining three make their way to a gate but...",English,"Canada, United States",N/A,https://m.media-amazon.com/images/M/MV5BMTA4MTM5OTE0MDheQTJeQWpwZ15BbWU4MDY5Njc3NzIx._V1_SX300.jpg,"[{'Source': 'Internet Movie Database', 'Value': '7.6/10'}]",N/A,7.6,775,tt1452805,episode,,,,,True,tt1452805,True,1,15,tt1286039,
The Tudors,2010,TV-14,10 Sep 2010,51 min,Documentary,James Gray,N/A,"Alice Roberts, David Austin, Jemma Bezant","The Tudor period brought momentous changes to Britain. Prof. Roberts views excavations at Shakespeare's first theatre and at his home, finding clues about his frugality. She also uncovers the brutal realities of Henry VIII's dissolut",N/A,N/A,N/A,N/A,[],N/A,N/A,5,tt1724294,episode,,,,,True,tt1724294,True,1,4,tt1715425,
Charmed,2005,N/A,N/A,N/A,"Animation, Comedy",N/A,N/A,"Laura Torres, Cony Madera, María Fernanda Morales, Circe Luna",N/A,N/A,N/A,N/A,N/A,[],N/A,N/A,N/A,tt0950023,episode,,,,,True,tt0950023,True,2,8,tt0449706,
House of Cards,2016,TV-14,26 May 2016,42 min,"Crime, Mystery, Reality-TV",N/A,N/A,"Dianna Baumann, John Brown, Matt Frazier","In Tulsa, a lethal combination of guns and meth leaves a young man dead. Five potential witnesses tell fragmented stories which Detective Justin Ritter must piece together to reveal the real killer.",N/A,N/A,N/A,N/A,[],N/A,N/A,14,tt5720876,episode,,,,,True,tt5720876,True,N/A,N/A,N/A,
The Killing,2014,N/A,N/A,4 min,"Short, Crime, Drama",Blake Simon,Blake Simon,Peter Malone Elliott,"A non-linear, neo-noir tale of a sultry femme-fetal and a mysterious, violent man who find themselves on a collision course of fate.",English,United States,N/A,N/A,[],N/A,N/A,N/A,tt3781606,movie,N/A,N/A,N/A,N/A,True,tt3781606,True,,,,
Unconditional,2012,PG-13,21 Sep 2012,92 min,"Biography, Crime, Drama",Brent Mccorkle,Brent Mccorkle,"Lynn Collins, Michael Ealy, Bruce McGill","A woman's idyllic life is shattered when her husband is killed in a senseless act of violence. As she prepares to take matters into her own hands, two unexpected encounters begin to change everything.",English,United States,1 nomination total,https://m.media-amazon.com/images/M/MV5BMjcyNjY1NzYzOV5BMl5BanBnXkFtZTcwMzQyOTUzOA@@._V1_SX300.jpg,"[{'Source': 'Internet Movie Database', 'Value': '7.0/10'}, {'Source': 'Rotten Tomatoes', 'Value': '75%'}]",N/A,7.0,"5,050",tt1758610,movie,N/A,"$1,005,800",N/A,N/A,True,tt1758610,True,,,,
The Blacklist,2016,N/A,02 Jan 2016,N/A,N/A,N/A,Mantis Khiralla,Mantis Khiralla,N/A,N/A,N/A,N/A,https://m.media-amazon.com/images/M/MV5BN2UyZDMxZjEtYzY0ZS00NWY1LTg4NzktMDZmZDdkMWI3ZTQxL2ltYWdlXkEyXkFqcGdeQXVyMzkzMjc1NQ@@._V1_SX300.jpg,[],N/A,N/A,N/A,tt6474096,episode,,,,,True,tt6474096,True,2,2,tt6450672,
Bitten,2016,N/A,10 Sep 2016,N/A,"Short, Horror",Christian Taylor Phillips,"Emily C. Jones, Orion Phillips II","Bryson Bond, Emily C. Jones, Orion Phillips II",N/A,N/A,United States,N/A,N/A,[],N/A,N/A,N/A,tt5554630,movie,N/A,N/A,N/A,N/A,True,tt5554630,True,,,,
London Has Fallen,2016,R,04 Mar 2016,99 min,"Action, Thriller",Babak Najafi,"Creighton Rothenberger, Katrin Benedikt, Christian Gudegast","Gerard Butler, Aaron Eckhart, Morgan Freeman","Whilst in London, England for the British Prime Minister's funeral, Mike Banning is caught up in a terrorist plot to assassinate all the attending world leaders in one strike.","English, Italian, French, Japanese","United States, United Kingdom, Bulgaria, India",1 win & 2 nominations total,https://m.media-amazon.com/images/M/MV5BMTY1ODY2MTgwM15BMl5BanBnXkFtZTgwOTY3Nzc3NzE@._V1_SX300.jpg,"[{'Source': 'Internet Movie Database', 'Value': '5.9/10'}, {'Source': 'Rotten Tomatoes', 'Value': '28%'}, {'Source': 'Metacritic', 'Value': '28/100'}]",28,5.9,"179,714",tt3300542,movie,N/A,"$62,524,260",N/A,N/A,True,tt3300542,True,,,,
Bloodline,2016,N/A,11 Dec 2016,N/A,N/A,N/A,N/A,"Jenny Beverly, Drue Schaefer Crookston, Jessica Lorez",N/A,English,United States,N/A,https://m.media-amazon.com/images/M/MV5BMjNmNzZjNDItZDAxMS00ZmI1LWE2NDMtOWNmMWY2YTQxYzVlXkEyXkFqcGdeQXVyMjk1ODIyMTY@._V1_SX300.jpg,[],N/A,N/A,N/A,tt5009070,movie,N/A,N/A,N/A,N/A,True,tt5009070,True,,,,
The Crown,2016–2023,TV-MA,04 Nov 2016,58 min,"Biography, Drama, History",N/A,Peter Morgan,"Claire Foy, Olivia Colman, Imelda Staunton",Follows the political rivalries and romances of Queen Elizabeth II's reign and the events that shaped Britain for the second half of the 20th century.,English,"United Kingdom, United States",Won 24 Primetime Emmys. 158 wins & 431 nominations total,https://m.media-amazon.com/images/M/MV5BODcyODZlZDMtZGE0Ni00NjBhLWJlYTAtZDdlNWY3MzkwMGVhXkEyXkFqcGc@._V1_SX300.jpg,"[{'Source': 'Internet Movie Database', 'Value': '8.6/10'}]",N/A,8.6,"278,925",tt4786824,series,,,,,True,tt4786824,True,,,,6
Kurt Seyit & Sura,2014,N/A,04 Apr 2014,46 min,"Drama, History, Romance",N/A,N/A,"Kivanç Tatlitug, Farah Zeynep Abdullah, Demet Özdemir","The love story of Kurt Seyit, a Crimean Tatar army major, and Sura, a rich Russian woman during the Russian Revolution and in the last days of the Ottoman Empire.",Turkish,Turkey,3 wins,https://m.media-amazon.com/images/M/MV5BNGViNWY1NjAtMTAyYS00Y2M5LWIwMTEtMjM1YTM4ZGMzNzU3XkEyXkFqcGc@._V1_SX300.jpg,"[{'Source': 'Internet Movie Database', 'Value': '7.2/10'}]",N/A,7.2,"4,506",tt3467380,series,,,,,True,tt3467380,True,,,,2
The Returned,2015,TV-14,09 Mar 2015,31S min,"Drama, Fantasy, Horror",N/A,Carlton Cuse,"Kevin Alejandro, Agnes Bruckner, India Ennenga",A small town's residents are stunned when recently deceased locals begin returning from the dead. What should be a miracle soon becomes a nightmare.,English,United States,2 nominations,https://m.media-amazon.com/images/M/MV5BMGI4NmJhYzMtMjk0Yi00YmMzLThiZDgtM2QxNzgwOGYzYmE0XkEyXkFqcGc@._V1_SX300.jpg,"[{'Source': 'Internet Movie Database', 'Value': '7.0/10'}]",N/A,7.0,"12,237",tt3230780,series,,,,,True,tt3230780,True,,,,1
The Girl in the Book,2015,Not Rated,11 Dec 2015,86 min,Drama,Marya Cohn,Marya Cohn,"Emily VanCamp, Courtney Daniels, Jordan Lage","Set in the world of New York publishing, a young book editor is forced to confront a troubling chapter from her past when a bestselling author re-enters her life.",English,United States,1 nomination total,https://m.media-amazon.com/images/M/MV5BMTU0MDUyNjMyOF5BMl5BanBnXkFtZTgwNzUxMzk3NjE@._V1_SX300.jpg,"[{'Source': 'Internet Movie Database', 'Value': '6.1/10'}, {'Source': 'Rotten Tomatoes', 'Value': '93%'}, {'Source': 'Metacritic', 'Value': '68/100'}]",68,6.1,"4,807",tt2980554,movie,N/A,"$8,245",N/A,N/A,True,tt2980554,True,,,,
Dexter,2013,TV-14,12 Aug 2013,N/A,Talk-Show,N/A,N/A,"Jim Rash, Scott Buck, Sara Colleton, Wendy West","Go behind-the-scenes of Dexter, the show about a serial killer with a strict moral code. Get rare insights from actor Michael C. Hall and Scott Buck.",English,USA,N/A,https://m.media-amazon.com/images/M/MV5BMTA2MTU1MTA2NTleQTJeQWpwZ15BbWU4MDU5NjUxMzIx._V1_SX300.jpg,"[{'Source': 'Internet Movie Database', 'Value': '6.0/10'}]",N/A,6.0,15,tt3109616,episode,,,,,True,tt3109616,True,1,3,tt3059532,
Leverage,2012,N/A,02 Oct 2012,N/A,Adult,Robby D.,N/A,"Vicki Chase, James Deen, Erik Everhard, Manuel Ferrara",N/A,English,USA,N/A,N/A,"[{'Source': 'Internet Movie Database', 'Value': '3.0/10'}]",N/A,3.0,27,tt2493276,movie,N/A,N/A,N/A,N/A,True,tt2493276,True,,,,
Luther,2015,N/A,28 Sep 2015,16 min,"Short, Drama","Justin Baldovino, Brian Muna, Anton Ngata","Justin Baldovino, Brian Muna, Anton Ngata","Paul Sablan Sauget, Julius Santos","An agent is captured eight years after going rogue by an entity known as the ""Organization."" The interrogation examines fragments of the agent's past only to lead to an impending revelation.",English,Guam,1 win,https://m.media-amazon.com/images/M/MV5BMDM2ZTMyMjMtMzFhYi00NGIzLWI2YzUtMWY5ZjEwYTg1M2JmXkEyXkFqcGdeQXVyNjQ1ODY3ODU@._V1_SX300.jpg,[],N/A,N/A,N/A,tt4997298,movie,N/A,N/A,N/A,N/A,True,tt4997298,True,,,,
Last Man Standing,2015,N/A,23 May 2015,47 min,Comedy,David Pustansky,David Pustansky,"David Pustansky, Tara Dowd, Erika Sanderson","A romantic comedy about a man who finds himself as the most desired man on the planet, but despite having the choice of any woman in the world, the only one he wants does not want him: his ex-girlfriend.",English,United Kingdom,N/A,N/A,"[{'Source': 'Internet Movie Database', 'Value': '6.8/10'}]",N/A,6.8,7,tt4722990,movie,N/A,N/A,N/A,N/A,True,tt4722990,True,,,,
Touch,2012–2013,TV-PG,25 Jan 2012,43 min,"Drama, Mystery, Sci-Fi",N/A,Tim Kring,"Kiefer Sutherland, David Mazouz, Gugu Mbatha-Raw",A widower struggling to raise his emotionally challenged son discovers that he can predict events before they happen.,English,United States,Nominated for 2 Primetime Emmys. 2 wins & 12 nominations total,https://m.media-amazon.com/images/M/MV5BNTI3OTcwNTk3Ml5BMl5BanBnXkFtZTcwNzA3NzAzNw@@._V1_SX300.jpg,"[{'Source': 'Internet Movie Database', 'Value': '7.3/10'}]",N/A,7.3,"43,791",tt1821681,series,,,,,True,tt1821681,True,,,,2
The Fall,2016,N/A,14 Oct 2016,N/A,Documentary,N/A,N/A,N/A,N/A,N/A,N/A,N/A,https://m.media-amazon.com/images/M/MV5BY2Q0NTZmMzgtYWRiMS00Mjc4LTgwYzAtNTU3Zjc3Mzk1NjZjXkEyXkFqcGc@._V1_SX300.jpg,[],N/A,N/A,N/A,tt20225680,episode,,,,,True,tt20225680,True,1,3,tt14920800,
Crossing Lines,2015,N/A,04 Jun 2015,N/A,"Drama, Mystery, Sci-Fi",Michael McGowan,"Michael McGowan, Malcolm MacRury","Jennette McCurdy, Jesse Carere, Ryan Allen",Pretty Lake experiences a major power outage cutting out even local communications. Ronnie continues to cause trouble as the vigilantes take up guns.,English,Canada,N/A,https://m.media-amazon.com/images/M/MV5BZTBjNGMxM2UtNWM1YS00ZjkyLTgyZGEtNTc5ZmM5Y2Y0ZjY3XkEyXkFqcGdeQXVyNTc2OTM3MTk@._V1_SX300.jpg,[],N/A,N/A,277,tt4218356,episode,,,,,True,tt4218356,True,1,3,tt4132692,
The Honorable Woman,2014,N/A,31 Jul 2014,60 min,"Drama, Thriller",N/A,N/A,"Maggie Gyllenhaal, Stephen Rea, Lubna Azabal","Centers on Nessa Stein, a woman who inherits her father's arms business and finds herself in an international maelstrom as she continues to promote the reconciliation between Israelis and Palestinians.",English,"United Kingdom, United States",Nominated for 4 Primetime Emmys. 9 wins & 34 nominations total,https://m.media-amazon.com/images/M/MV5BNTE1MTM2NjkzN15BMl5BanBnXkFtZTgwNDU5MDUzMjE@._V1_SX300.jpg,"[{'Source': 'Internet Movie Database', 'Value': '7.9/10'}]",N/A,7.9,"11,769",tt3021686,series,,,,,True,tt3021686,True,,,,1
American Odyssey,2015,TV-14,05 Apr 2015,31S min,"Action, Drama, Thriller",N/A,"Adam Armus, Nora Kay Foster, Peter Horton","Anna Friel, Peter Facinelli, Jake Robinson","Three families are torn apart when a stranded female soldier, a disillusioned corporate attorney and a disrespected political activist are pulled into the same shocking international military conspiracy.",English,United States,N/A,https://m.media-amazon.com/images/M/MV5BMjM2OTIxNTAxMV5BMl5BanBnXkFtZTgwNzY3MjU4NDE@._V1_SX300.jpg,"[{'Source': 'Internet Movie Database', 'Value': '7.3/10'}]",N/A,7.3,"6,332",tt3551796,series,,,,,True,tt3551796,True,,,,1
Aquarius,2015–2016,TV-14,28 May 2015,42 min,"Biography, Crime, Drama",N/A,John McNamara,"David Duchovny, Grey Damon, Gethin Anthony","A gritty 1960s cop drama about LAPD detective Sam Hodiak and his trainee, who must deal with gangs, brutal crimes, changing times, family crises and unhinged manipulative small-time crook Charles Manson, who's slowly building his ...",English,United States,1 win & 1 nomination total,https://m.media-amazon.com/images/M/MV5BMTU5MTE3ODIxOF5BMl5BanBnXkFtZTgwMzA2Nzc4NTE@._V1_SX300.jpg,"[{'Source': 'Internet Movie Database', 'Value': '7.1/10'}]",N/A,7.1,"13,983",tt3768572,series,,,,,True,tt3768572,True,,,,2
Hap and Leonard,2016–2018,TV-MA,02 Mar 2016,21S min,"Crime, Drama, Mystery",N/A,"Nick Damici, Jim Mickle","James Purefoy, Michael Kenneth Williams, Tiffany Mack","Set in the late 1980s, Hap and Leonard is a darkly comic swamp noir of two best friends, one femme fatale, a crew of washed up revolutionaries, a pair of murderous psycho killers, some lost loot, and the fuzz.",English,United States,3 nominations total,https://m.media-amazon.com/images/M/MV5BMzkyNDg0NDY4OV5BMl5BanBnXkFtZTgwOTU5Njg4NDM@._V1_SX300.jpg,"[{'Source': 'Internet Movie Database', 'Value': '7.6/10'}]",N/A,7.6,"8,571",tt3729898,series,,,,,True,tt3729898,True,,,,3
Rosewood,2015,N/A,01 Jan 2015,N/A,"Short, Drama",Kryzz Gautier,"Kryzz Gautier, Joseph Mead","Ava Ames, Rick Cohen, Patricia Coutino","When a wise, tired, and jaded old man meets for dinner with an irrepressible, hedonistic young woman with a taste for life, a wry sense of humor, and a concealed streak of compassion suddenly the future of humanity lies in the act...",English,United States,N/A,N/A,[],N/A,N/A,N/A,tt4104418,movie,N/A,N/A,N/A,N/A,True,tt4104418,True,,,,
Episode #5.9,2016,NOT RATED,N/A,10 min,Drama,Bryan James,Bryan James,"Bryan James, Stephanie C. Allen, Melissa Archer, Drew Garrett",N/A,N/A,N/A,N/A,https://m.media-amazon.com/images/M/MV5BMTQ1NDM2NDA4NV5BMl5BanBnXkFtZTgwODc0ODk1NjE@._V1_SX300.jpg,[],N/A,N/A,N/A,tt4993690,episode,,,,,True,tt4993690,True,5,9,tt2017048,
Travelers,2016,TV-MA,16 Dec 2016,59 min,"Drama, Sci-Fi, Thriller",Daniel Sackheim,"Philip K. Dick, Frank Spotnitz, Erik Oleson","Alexa Davalos, Rupert Evans, Luke Kleintank","Fighting to acclimatize to the strange new world of Nazi New York, Juliana seeks out the one person she thinks she can trust: Joe Blake. Angry and defiant after Juliana's departure, Frank is drawn to the Resistance movement and it...",N/A,N/A,N/A,https://m.media-amazon.com/images/M/MV5BMTcwODk4NDI3NF5BMl5BanBnXkFtZTgwOTQ4NjU4MDI@._V1_SX300.jpg,"[{'Source': 'Internet Movie Database', 'Value': '8.1/10'}]",N/A,8.1,1995,tt5646866,episode,,,,,True,tt5646866,True,2,3,tt1740299,
Bordertown,2016–2020,TV-MA,31 Mar 2017,2 min,"Crime, Drama, Mystery",N/A,Miikko Oikkonen,"Ville Virtanen, Matleena Kuusniemi, Anu Sinisalo","Quirky police detective, in Finland, delves into his memory palace to solve despicable crimes all the while trying to keep his family together. If Sherlock was based in Finland this would be it.","Finnish, Russian, English","Finland, France",3 wins total,https://m.media-amazon.com/images/M/MV5BNjU2NzM3YjEtYTg2MC00NDMzLWFiODItNWEwNDZjNTRlMzMzXkEyXkFqcGc@._V1_SX300.jpg,"[{'Source': 'Internet Movie Database', 'Value': '7.6/10'}]",N/A,7.6,"12,695",tt4937942,series,,,,,True,tt4937942,True,,,,3
The Nightmare Before Christmas,1993,PG,29 Oct 1993,76 min,"Animation, Adventure, Family",Henry Selick,"Caroline Thompson, Michael McDowell, Tim Burton","Danny Elfman, Chris Sarandon, Catherine O'Hara","Jack Skellington, king of Halloween Town, discovers Christmas Town, but his attempts to bring Christmas to his home causes confusion.",English,United States,Nominated for 1 Oscar. 7 wins & 17 nominations total,https://m.media-amazon.com/images/M/MV5BNmYxOTAzZWYtOGI3Yi00ODc3LTk5ZjYtZTY0MzVkZTg3YmRiXkEyXkFqcGc@._V1_SX300.jpg,"[{'Source': 'Internet Movie Database', 'Value': '7.9/10'}, {'Source': 'Rotten Tomatoes', 'Value': '95%'}, {'Source': 'Metacritic', 'Value': '82/100'}]",82,7.9,"409,668",tt0107688,movie,N/A,"$94,707,435",N/A,N/A,True,tt0107688,True,,,,
Scooby-Doo,2002,PG,14 Jun 2002,86 min,"Adventure, Comedy, Family",Raja Gosnell,"James Gunn, Craig Titley, William Hanna","Matthew Lillard, Freddie Prinze Jr., Sarah Michelle Gellar","After an acrimonious break up, the Mystery Inc. gang are individually brought to an island resort to investigate strange goings on.",English,United States,5 wins & 14 nominations total,https://m.media-amazon.com/images/M/MV5BMTg4MzMzMTY0OF5BMl5BanBnXkFtZTYwNzM3MTg2._V1_SX300.jpg,"[{'Source': 'Internet Movie Database', 'Value': '5.4/10'}, {'Source': 'Rotten Tomatoes', 'Value': '32%'}, {'Source': 'Metacritic', 'Value': '35/100'}]",35,5.4,"138,973",tt0267913,movie,N/A,"$153,322,074",N/A,N/A,True,tt0267913,True,,,,
Chicken Little,2005,G,04 Nov 2005,81 min,"Animation, Adventure, Comedy",Mark Dindal,"Mark Dindal, Mark Kennedy, Steve Bencich","Zach Braff, Joan Cusack, Garry Marshall","After ruining his reputation with the town, a courageous chicken must come to the rescue of his fellow citizens when aliens start an invasion.",English,United States,4 wins & 15 nominations total,https://m.media-amazon.com/images/M/MV5BMTM3MTIzMDQxMV5BMl5BanBnXkFtZTYwNTE0Mjg3._V1_SX300.jpg,"[{'Source': 'Internet Movie Database', 'Value': '5.7/10'}, {'Source': 'Rotten Tomatoes', 'Value': '36%'}, {'Source': 'Metacritic', 'Value': '48/100'}]",48,5.7,"106,831",tt0371606,movie,N/A,"$135,386,665",N/A,N/A,True,tt0371606,True,,,,
Teenage Mutant Ninja Turtles,2007,E10+,20 Mar 2007,N/A,"Animation, Action, Adventure, Comedy, Family, Fantasy, Sci-Fi",N/A,Mario Galardo,"Nolan North, Mitchell Whitfield, James Arnold Taylor, Mikey Kelley","The Ninja Turtles have since grown apart. But through vigorous training and thrilling battles against all new opponents, they learn to unite and work together as a family in order to save the world from invading monsters.",English,USA,N/A,https://m.media-amazon.com/images/M/MV5BYjMzYWFhN2YtYWZlNi00MzkyLThhMzEtNmJkZjM1MzA1NzgwXkEyXkFqcGdeQXVyMTk5NDI0MA@@._V1_SX300.jpg,"[{'Source': 'Internet Movie Database', 'Value': '6.6/10'}]",N/A,6.6,220,tt1038098,game,N/A,N/A,N/A,N/A,True,tt1038098,True,,,,
Star Wars: The Clone Wars,2008–2020,TV-PG,03 Oct 2008,23 min,"Animation, Action, Adventure",N/A,George Lucas,"Tom Kane, Dee Bradley Baker, Matt Lanter",Jedi Knights lead the Grand Army of the Republic against the droid army of the Separatists.,English,United States,27 wins & 74 nominations total,https://m.media-amazon.com/images/M/MV5BOTdiODQ1MDYtZjM5My00MmQ5LTk1ZWUtZWIwYjBhZGMxZDAyXkEyXkFqcGc@._V1_SX300.jpg,"[{'Source': 'Internet Movie Database', 'Value': '8.5/10'}]",N/A,8.5,"141,430",tt0458290,series,,,,,True,tt0458290,True,,,,7
We're Back! A Dinosaur's Story,1993,G,24 Nov 1993,72 min,"Animation, Adventure, Comedy","Phil Nibbelink, Simon Wells, Dick Zondag","John Patrick Shanley, Hudson Talbott","John Goodman, Charles Fleischer, Blaze Berdahl",A time traveling scientist goes back to prehistoric times and feeds dinosaurs a magic cereal that increases their intelligence - next they land in modern New York City for a series of comic adventures.,English,United States,N/A,https://m.media-amazon.com/images/M/MV5BMjM4ZTVmMmEtZjgxNC00Zjc2LWEyZmEtZTJjYmE2MzhiMjk4XkEyXkFqcGc@._V1_SX300.jpg,"[{'Source': 'Internet Movie Database', 'Value': '6.0/10'}, {'Source': 'Rotten Tomatoes', 'Value': '40%'}]",N/A,6.0,"16,469",tt0108526,movie,N/A,"$9,317,021",N/A,N/A,True,tt0108526,True,,,,
Cars Toons: Mater's Tall Tales,2010,N/A,05 Nov 2010,N/A,Family,William Butler,William Butler,Alex Foley,N/A,N/A,N/A,N/A,https://m.media-amazon.com/images/M/MV5BMzdiOTMyODAtZjk4Mi00NjEwLTg1NjYtOTJiNDUxODZkODA5XkEyXkFqcGdeQXVyNDExOTExODA@._V1_SX300.jpg,[],N/A,N/A,12,tt1826165,episode,,,,,True,tt1826165,True,3,10,tt1823359,
Star Wars: The Clone Wars,2014,N/A,04 May 2014,N/A,Comedy,N/A,N/A,Emer Prevost,N/A,N/A,N/A,N/A,https://m.media-amazon.com/images/M/MV5BY2I3YzQzZDctMjVlMi00ZTE2LTlkYzItZWRlYjRlYjAxNTNhXkEyXkFqcGdeQXVyNjgzNjA0ODU@._V1_SX300.jpg,[],N/A,N/A,N/A,tt12700200,episode,,,,,True,tt12700200,True,N/A,N/A,N/A,
The Super Mario Bros. Super Show!,1989,TV-Y7,04 Sep 1989,30 min,"Animation, Action, Adventure",N/A,"Bob Forward, Phil Harnage, Bruce Shelly","Lou Albano, Harvey Atkin, John Stocker","The Mario Brothers, Princess Toadstool, and Toad go on various adventures while battling the evil King Koopa.",English,"United States, Canada",N/A,https://m.media-amazon.com/images/M/MV5BZjkzYWI0ZmItMjdmOC00ZjVhLWFiM2ItYWI0YTJkNGQ1ODkyXkEyXkFqcGc@._V1_SX300.jpg,"[{'Source': 'Internet Movie Database', 'Value': '6.3/10'}]",N/A,6.3,"5,168",tt0096707,series,,,,,True,tt0096707,True,,,,1
Power Rangers Zeo,1996–1997,TV-Y7,20 Apr 1996,21 min,"Action, Adventure, Family",N/A,N/A,"Catherine Sutherland, Nakia Burrise, Steve Cardenas","Tommy, Billy, Adam, Rocky, Kat and Tanya are turned back to their teenage forms thanks to the Zeo Crystal. The Command Center is gone but the crystal leads them to the new Power Chamber and all but Billy take on new Zeo powers.",English,"United States, France, Japan",N/A,https://m.media-amazon.com/images/M/MV5BY2U2MTg5ZjMtZmIxMi00YzhjLWI0MmYtNjIxZjc3MTdkODRiXkEyXkFqcGdeQXVyNzEzNjU1NDg@._V1_SX300.jpg,"[{'Source': 'Internet Movie Database', 'Value': '6.4/10'}]",N/A,6.4,"3,218",tt0115319,series,,,,,True,tt0115319,True,,,,1
Oscar's Oasis,2011–2012,TV-Y,04 Jul 2011,7 min,"Animation, Adventure, Comedy",N/A,Benjamin Townsend,"Marie Facundo, Sly Johnson, Martial Le Minoux","Follows the sun-baked adventures of Oscar, a lizard in the middle of the desert finding himself misadventures wherever he goes, from finding water to fleeing from a band of misfits.",English,"France, United Kingdom, South Korea",N/A,https://m.media-amazon.com/images/M/MV5BNWNkNGNkNTItODVkZi00MjVmLThiMWEtOGJhOGIyNjExMjEwXkEyXkFqcGc@._V1_SX300.jpg,"[{'Source': 'Internet Movie Database', 'Value': '7.3/10'}]",N/A,7.3,"1,056",tt2080922,series,,,,,True,tt2080922,True,,,,1
Thomas & Friends: King of the Railway,2013,TV-G,17 Sep 2013,62 min,"Animation, Adventure, Comedy, Family, Fantasy",Rob Silvestri,"Wilbert Awdry (railway series), Britt Allcroft (created by), Andrew Brenner","Mark Moraghan, David Bedella, Jules de Jongh, Jonathan Forbes","Thomas discovers mysteries of the past and must help a new friend, save a ruined castle and may even find some treasure when Sir Robert Norramby comes to the Island of Sodor.",English,UK,N/A,https://m.media-amazon.com/images/M/MV5BZDdmOTE4NzQtYmE0My00ZWIyLTlmZDgtM2U0MjZkNGZlYjg3XkEyXkFqcGdeQXVyNzMzMjU5NDY@._V1_SX300.jpg,"[{'Source': 'Internet Movie Database', 'Value': '6.5/10'}]",N/A,6.5,232,tt2641678,movie,N/A,N/A,N/A,N/A,True,tt2641678,True,,,,
Transformers Prime Beast Hunters: Predacons Rising,2013,Not Rated,04 Oct 2013,65 min,"Animation, Action, Family","Vinton Heuck, Scooter Tidwell, Todd Waterman","Duane Capizzi, Marsha F. Griffin, Steven Melching","Peter Cullen, Frank Welker, Steve Blum",This movie chronicles the epic battle between the Autobots and the Decepticons in their mission to defend Earth against Unicron and one day restore their homeworld Cybertron.,English,United States,1 win & 3 nominations total,https://m.media-amazon.com/images/M/MV5BMTg5MTQ2NDYzNl5BMl5BanBnXkFtZTgwNDcwNDg2MTE@._V1_SX300.jpg,"[{'Source': 'Internet Movie Database', 'Value': '7.5/10'}]",N/A,7.5,"2,307",tt2788526,movie,N/A,N/A,N/A,N/A,True,tt2788526,True,,,,
Agent F.O.X.,2014,G,30 Oct 2015,83 min,"Animation, Adventure, Comedy",Ge Shuiying,"Yunyun Guan, Hua Tan, Shengwei Wang","Shiyu Qiao, Xiaoming Xuan, Hao Chen",Super spy Agent F.O.X. arrives in Carrot Town with one objective: infiltrate the community of friendly rabbits and locate a mysterious artifact. But the mission goes awry when the secret agent is mistaken for a distant cousin.,English,China,1 win,https://m.media-amazon.com/images/M/MV5BMTc5OTIwMzkzMl5BMl5BanBnXkFtZTgwMTQyMDA3MjE@._V1_SX300.jpg,"[{'Source': 'Internet Movie Database', 'Value': '3.1/10'}]",N/A,3.1,292,tt3897080,movie,N/A,N/A,N/A,N/A,True,tt3897080,True,,,,
Kong: King of the Apes,2016–2018,TV-Y7,15 Apr 2016,1 min,"Animation, Action, Adventure",N/A,N/A,"Lee Tockar, Viv Leacock, Vincent Tong","Kong is saved as a young ape by a young boy, Lucas. Lucas and his family raise kong but Lucas' twin brother is jealous and tries to get rid of Kong.","English, Spanish, French, German, Mandarin","United States, Japan, Canada",3 nominations,https://m.media-amazon.com/images/M/MV5BMjQyOTU4NDc5M15BMl5BanBnXkFtZTgwNzE3MTU3ODE@._V1_SX300.jpg,"[{'Source': 'Internet Movie Database', 'Value': '5.7/10'}]",N/A,5.7,397,tt5462936,series,,,,,True,tt5462936,True,,,,2
Marvel Super Hero Adventures: Frost Fight!,2015,PG,11 Dec 2015,73 min,"Animation, Action, Adventure, Family, Fantasy, Sci-Fi","Eric Radomski, Mitch Schauer","Mark Banker, Joe Simon (created by: Captain America), Jack Kirby (created by: Captain America), Bill Mantlo (created by: Rocket Raccoon), Keith Giffen (created by: Rocket Raccoon)","Mick Wingert, Matthew Mercer, Travis Willingham, Fred Tatasciore",The Marvel Heroes unite to try and stop Loki and the frost giant Ymir from conquering the world as the duo try to steal Santa's powers to do so.,English,USA,1 nomination.,https://m.media-amazon.com/images/M/MV5BMTg0MzgyMzM2MV5BMl5BanBnXkFtZTgwMDI2MTU1NzE@._V1_SX300.jpg,"[{'Source': 'Internet Movie Database', 'Value': '5.2/10'}]",N/A,5.2,727,tt5272052,movie,N/A,N/A,N/A,N/A,True,tt5272052,True,,,,
Slugterra: Slug Fu Showdown,2015,Not Rated,01 Feb 2015,43 min,Short,Clint Butler(co-director),N/A,"Sam Vincent, Andrew Francis, Lee Tockar, Shannon Chan-Kent","Eli has added some awesome new slugs to his arsenal: the extremely powerful Elemental Slugs. But in order to control them, Eli must learn Slug Fu--the ancient form of slugslinging that ...",N/A,N/A,1 nomination.,https://m.media-amazon.com/images/M/MV5BMTQ5NzEyNjM3N15BMl5BanBnXkFtZTgwODAyOTc1NDE@._V1_SX300.jpg,"[{'Source': 'Internet Movie Database', 'Value': '8.2/10'}]",N/A,8.2,75,tt4458404,movie,N/A,N/A,N/A,N/A,True,tt4458404,True,,,,
Lego DC Comics: Batman Be-Leaguered,2014,TV-Y7,27 Oct 2014,22 min,"Animation, Short, Action",Rick Morales,"James Krieg, Jerry Siegel, Joe Shuster","Dee Bradley Baker, Troy Baker, John DiMaggio","Superman wants Batman to join his new superhero team, but Batman prides himself on being a self-sufficient loner.",English,United States,N/A,https://m.media-amazon.com/images/M/MV5BNmY2MTUzMDUtNWNmYS00MTkwLWI2ZTgtZTNlNTc3Mzk0ZDQ5XkEyXkFqcGc@._V1_SX300.jpg,"[{'Source': 'Internet Movie Database', 'Value': '6.4/10'}]",N/A,6.4,"1,732",tt4189294,movie,N/A,N/A,N/A,N/A,True,tt4189294,True,,,,
Power Rangers Dino Charge,2015–2016,TV-Y7,07 Feb 2015,21 min,"Action, Adventure, Family",N/A,"Judd Lynn, Haim Saban, Jeffrey Newman","Brennan Mejia, Camille Hyde, Yoshi Sudarso","In prehistoric times, an alien entrusted 10 powerful Energemas to 10 dinosaurs, and these were lost with their extinction. Now an intergalactic bounty hunter seeks to reclaim the Energemas and destroy the Earth.",English,United States,N/A,https://m.media-amazon.com/images/M/MV5BMTQzMzE1NDQ3Nl5BMl5BanBnXkFtZTgwMDYyMjI2NDE@._V1_SX300.jpg,"[{'Source': 'Internet Movie Database', 'Value': '6.4/10'}]",N/A,6.4,"1,809",tt3521854,series,,,,,True,tt3521854,True,,,,2
Bunks,2013,PG,16 Jun 2014,80 min,"Comedy, Family, Horror",Tibor Takács,"Tim Burns, Mike Kiss, Tom McGillis","Dylan Schmid, Aidan Shipley, Emilia McCarthy","When two trouble-making brothers scam their way into an idyllic summer camp, they find themselves leading a rag tag cabin of boys into breaking every rule in the book. But the real trouble starts when they accidentally trigger a c...",English,Canada,4 nominations,https://m.media-amazon.com/images/M/MV5BYmIwYzRjZDQtNmM4Ni00YzNjLThiMzItNzAzNTkwYjliNjA1XkEyXkFqcGc@._V1_SX300.jpg,"[{'Source': 'Internet Movie Database', 'Value': '5.3/10'}]",N/A,5.3,938,tt3161448,movie,N/A,N/A,N/A,N/A,True,tt3161448,True,,,,
The Jungle Book,2016,PG,15 Apr 2016,106 min,"Animation, Action, Adventure",Jon Favreau,"Justin Marks, Rudyard Kipling","Neel Sethi, Bill Murray, Ben Kingsley","After a threat from the tiger Shere Khan forces him to flee the jungle, a man-cub named Mowgli embarks on a journey of self discovery with the help of panther Bagheera and free-spirited bear Baloo.",English,"United Kingdom, United States, New Zealand, France, Canada, India",Won 1 Oscar. 33 wins & 56 nominations total,https://m.media-amazon.com/images/M/MV5BMTc3NTUzNTI4MV5BMl5BanBnXkFtZTgwNjU0NjU5NzE@._V1_SX300.jpg,"[{'Source': 'Internet Movie Database', 'Value': '7.3/10'}, {'Source': 'Rotten Tomatoes', 'Value': '94%'}, {'Source': 'Metacritic', 'Value': '77/100'}]",77,7.3,"304,379",tt3040964,movie,N/A,"$364,001,123",N/A,N/A,True,tt3040964,True,,,,
The Angry Birds Movie,2016,PG,20 May 2016,97 min,"Animation, Action, Adventure","Clay Kaytis, Fergal Reilly","Jon Vitti, Mikael Hed, Mikko Pöllä","Jason Sudeikis, Josh Gad, Danny McBride","When an island populated by happy, flightless birds is visited by mysterious green pigs, it's up to three unlikely outcasts to figure out what the pigs are up to.",English,"United States, Finland, Canada, India",3 wins & 8 nominations total,https://m.media-amazon.com/images/M/MV5BMTY3MjU0NDA0OF5BMl5BanBnXkFtZTgwNTc0MTU3OTE@._V1_SX300.jpg,"[{'Source': 'Internet Movie Database', 'Value': '6.3/10'}, {'Source': 'Rotten Tomatoes', 'Value': '44%'}, {'Source': 'Metacritic', 'Value': '43/100'}]",43,6.3,"115,134",tt1985949,movie,N/A,"$107,509,366",N/A,N/A,True,tt1985949,True,,,,
The Secret Life of Pets,2016,PG,08 Jul 2016,86 min,"Animation, Adventure, Comedy",Chris Renaud,"Cinco Paul, Ken Daurio, Brian Lynch","Louis C.K., Eric Stonestreet, Kevin Hart","The quiet life of a terrier named Max is upended when his owner takes in Duke, a stray whom Max instantly dislikes.",English,"Japan, United States",4 wins & 15 nominations total,https://m.media-amazon.com/images/M/MV5BMjIzMzA1OTkzNV5BMl5BanBnXkFtZTgwODE3MjM4NzE@._V1_SX300.jpg,"[{'Source': 'Internet Movie Database', 'Value': '6.5/10'}, {'Source': 'Rotten Tomatoes', 'Value': '70%'}, {'Source': 'Metacritic', 'Value': '61/100'}]",61,6.5,"233,985",tt2709768,movie,N/A,"$368,623,860",N/A,N/A,True,tt2709768,True,,,,
The Iron Giant,1999,PG,06 Aug 1999,86 min,"Animation, Action, Adventure",Brad Bird,"Tim McCanlies, Brad Bird, Ted Hughes","Eli Marienthal, Harry Connick Jr., Jennifer Aniston",A young boy befriends a giant robot from outer space that a paranoid government agent wants to destroy.,English,"United States, Czech Republic, United Kingdom",Won 1 BAFTA Award20 wins & 18 nominations total,https://m.media-amazon.com/images/M/MV5BODM4ZjZjMGEtYmFiMy00MThjLWIzZjUtMDU0ODg1NTI2MzIwXkEyXkFqcGc@._V1_SX300.jpg,"[{'Source': 'Internet Movie Database', 'Value': '8.1/10'}, {'Source': 'Rotten Tomatoes', 'Value': '96%'}, {'Source': 'Metacritic', 'Value': '85/100'}]",85,8.1,"257,198",tt0129167,movie,N/A,"$23,315,035",N/A,N/A,True,tt0129167,True,,,,
Bob the Builder,2015–2018,TV-Y,01 Sep 2015,25 min,"Animation, Comedy, Family",N/A,Keith Chapman,"Lee Ingleby, Steven Kynman, Joanne Froggatt",Bob and the gang have so much fun working together to get the job done in CGI.,English,United Kingdom,N/A,https://m.media-amazon.com/images/M/MV5BMTQ1OTM0NDM1NV5BMl5BanBnXkFtZTgwOTUxOTU2NzE@._V1_SX300.jpg,"[{'Source': 'Internet Movie Database', 'Value': '2.1/10'}]",N/A,2.1,292,tt13499396,series,,,,,True,tt13499396,True,,,,2
Beyblade: Metal Fusion,2009–2013,TV-Y7-FV,26 Jun 2010,30 min,"Animation, Action, Family",N/A,Katsumi Hasegawa,"Rob Tinkler, Barbara Mamabolo, Lisette St. Louis",The story of a teenager and his quest to become the best blader in the world.,"Japanese, English","Japan, Canada",N/A,https://m.media-amazon.com/images/M/MV5BNzE3OTE2ZTQtYzVmYi00MWIzLTg2NDUtNDk3MGRlYjEwNDg3XkEyXkFqcGc@._V1_SX300.jpg,"[{'Source': 'Internet Movie Database', 'Value': '6.8/10'}]",N/A,6.8,"2,907",tt1674928,series,,,,,True,tt1674928,True,,,,4
Ninja Turtles: The Next Mutation,1997–1998,TV-Y7,12 Sep 1997,20 min,"Action, Adventure, Comedy",N/A,N/A,"Jarred Blancard, Mitchell A. Lee Yuen, Dean Choe","The ""heroes in a half-shell"" return to stop the evil Dragon Lord with help from their newest member, Venus De Milo.",English,"Canada, United States",N/A,https://m.media-amazon.com/images/M/MV5BY2Y2ZTgxYzItM2VlOS00YTY3LTg2ODQtOTY3YmEzMWJiN2Q5XkEyXkFqcGc@._V1_SX300.jpg,"[{'Source': 'Internet Movie Database', 'Value': '4.3/10'}]",N/A,4.3,"1,831",tt0127388,series,,,,,True,tt0127388,True,,,,1
Super Buddies,2013,G,27 Aug 2013,81 min,Family,Robert Vince,"Anna McRoberts, Paul Tamasy (characters), Robert Vince","Trey Loney, John Ratzenberger, Michael Teigen, Sam Adler",A new breed of super hero is born in Disney's all-new movie!,N/A,USA,1 win.,https://m.media-amazon.com/images/M/MV5BMTY0Mzg1Mjg5MV5BMl5BanBnXkFtZTgwMTYxODA2MDE@._V1_SX300.jpg,"[{'Source': 'Internet Movie Database', 'Value': '4.3/10'}]",N/A,4.3,"1,231",tt2999390,movie,N/A,N/A,N/A,N/A,True,tt2999390,True,,,,
Tad: The Lost Explorer,2012,TV-PG,24 Jul 2013,92 min,"Animation, Adventure, Comedy",Enrique Gato,"Javier López Barreira, Gorka Magallón, Ignacio del Moral","Óscar Barberán, Michelle Jenner, José Mota","Construction worker Tad wants to be a famous archaeologist. He gets a chance to look for a lost Inca city in Peru, where the gold was hidden. He meets the professor's cute daughter/assistant. Villains chase them.","English, Spanish","Spain, France",9 wins & 6 nominations total,https://m.media-amazon.com/images/M/MV5BZmExZDM0OGMtMDdkMS00OGY1LWEwNDAtZDRiODVhMDJkZWQxXkEyXkFqcGc@._V1_SX300.jpg,"[{'Source': 'Internet Movie Database', 'Value': '5.9/10'}]",N/A,5.9,"9,573",tt1764625,movie,N/A,N/A,N/A,N/A,True,tt1764625,True,,,,
Power Rangers Super Megaforce,2014,N/A,28 Oct 2014,N/A,Action,N/A,N/A,"Johnny Yong Bosch, Mark Allen Jr., Bryce Papenbrook, Marieve Herington","After the events of ""Power Rangers: Megaforce"" Troy, Noah, Emma, Gia, and Jake continue there life as Power Rangers by channeling the power of the past rangers (Mighty Morphin--Super Samurai)",English,N/A,N/A,https://m.media-amazon.com/images/M/MV5BMzU2M2EwZTUtOTJkZS00YzQ5LWI4OGItZmRjNDM0YjU0MmQyXkEyXkFqcGdeQXVyNDA5ODU0NDg@._V1_SX300.jpg,"[{'Source': 'Internet Movie Database', 'Value': '5.4/10'}]",N/A,5.4,17,tt3687236,game,N/A,N/A,N/A,N/A,True,tt3687236,True,,,,
Buddy Thunderstruck,2017,TV-PG,10 Mar 2017,1 min,"Animation, Action, Comedy",N/A,Ryan Wiesbrock,"Alexandre Crepet, Brian Atkinson, Debi Derryberry",The hard-driving trucking adventures of a dog driver and his ferret mechanic sidekick.,English,United States,5 nominations,https://m.media-amazon.com/images/M/MV5BZGFhZTUxYWEtNTJmNy00MGZjLWI5MzctNWY2YmZjMTc0ZjEwXkEyXkFqcGc@._V1_SX300.jpg,"[{'Source': 'Internet Movie Database', 'Value': '7.7/10'}]",N/A,7.7,550,tt6591468,series,,,,,True,tt6591468,True,,,,2
The Deep,2015,N/A,01 Jan 2015,N/A,"Short, Romance",Joel Vazquez,"Stephen Lee, Joel Vazquez","Craig Watkinson, Cecilia Fairchild, Jim Carlson","When a man's wife won't come out of her coma, he devises a way to go in after her.",English,USA,N/A,https://m.media-amazon.com/images/M/MV5BNGFjNDA3N2YtODVkMS00YTIwLWJjZDctMDdjNDIwMDZlMTNjXkEyXkFqcGdeQXVyMjY1MzkyNzU@._V1_SX300.jpg,[],N/A,N/A,N/A,tt3909180,movie,N/A,N/A,N/A,N/A,True,tt3909180,True,,,,
Skylanders Academy,2016–2018,TV-Y7,28 Oct 2016,1 min,"Animation, Action, Adventure",N/A,Eric Rogers,"Justin Long, Ashley Tisdale, Jonathan Banks","Follows the heroic adventures of Spyro, Eruptor, Stealth Elf, Jet-Vac and Pop Fizz as they travel the vast Skylands universe, protecting it from evil-doers.","English, Spanish, German, French, Mandarin, Korean","South Korea, United States",3 nominations total,https://m.media-amazon.com/images/M/MV5BNWE0NzJhMzctMTU4MC00MzdmLThlMDgtMTJkY2IyOGE1Y2FiXkEyXkFqcGc@._V1_SX300.jpg,"[{'Source': 'Internet Movie Database', 'Value': '6.7/10'}]",N/A,6.7,"1,064",tt5916218,series,,,,,True,tt5916218,True,,,,3
The Little Rascals,1994,PG,05 Aug 1994,82 min,"Comedy, Family, Romance",Penelope Spheeris,"Penelope Spheeris, Robert Wolterstorff, Mike Scott","Travis Tedford, Bug Hall, Brittany Ashton Holmes","Alfalfa is wooing Darla and his ""He-Man-Woman-Hating"" friends attempt to sabotage the relationship.",English,United States,2 wins & 1 nomination total,https://m.media-amazon.com/images/M/MV5BZTlhMjA5MGYtZDYyNS00MDQ4LWI0ZDAtZjJiODJjODI0N2I3XkEyXkFqcGc@._V1_SX300.jpg,"[{'Source': 'Internet Movie Database', 'Value': '6.3/10'}, {'Source': 'Rotten Tomatoes', 'Value': '21%'}, {'Source': 'Metacritic', 'Value': '45/100'}]",45,6.3,"58,486",tt0110366,movie,N/A,"$52,125,282",N/A,N/A,True,tt0110366,True,,,,
Flubber,1997,PG,26 Nov 1997,93 min,"Comedy, Family, Sci-Fi",Les Mayfield,"Samuel W. Taylor, John Hughes, Bill Walsh","Robin Williams, Marcia Gay Harden, Christopher McDonald","An absent-minded professor discovers ""flubber,"" a rubber-like super-bouncy substance.",English,United States,3 wins & 2 nominations total,https://m.media-amazon.com/images/M/MV5BYzRiODczNDMtNWY3Yi00YjFhLWExOGEtMDI5OGY5MDBhYjdjXkEyXkFqcGc@._V1_SX300.jpg,"[{'Source': 'Internet Movie Database', 'Value': '5.3/10'}, {'Source': 'Rotten Tomatoes', 'Value': '24%'}, {'Source': 'Metacritic', 'Value': '38/100'}]",38,5.3,"99,482",tt0119137,movie,N/A,"$92,977,226",N/A,N/A,True,tt0119137,True,,,,
Tarzan,1999,G,18 Jun 1999,88 min,"Animation, Adventure, Comedy","Chris Buck, Kevin Lima","Tab Murphy, Bob Tzudiker, Noni White","Tony Goldwyn, Minnie Driver, Brian Blessed",A man raised by gorillas must decide where he really belongs when he discovers he is a human.,English,"United States, Japan",Won 1 Oscar. 11 wins & 23 nominations total,https://m.media-amazon.com/images/M/MV5BZjM5OWM5NzktMTIzYy00OTk1LWIyYzAtYzBhNWY3NWQ2Y2Y0XkEyXkFqcGc@._V1_SX300.jpg,"[{'Source': 'Internet Movie Database', 'Value': '7.3/10'}, {'Source': 'Rotten Tomatoes', 'Value': '90%'}, {'Source': 'Metacritic', 'Value': '80/100'}]",80,7.3,"265,277",tt0120855,movie,N/A,"$171,091,819",N/A,N/A,True,tt0120855,True,,,,
The Emperor's New Groove,2000,G,15 Dec 2000,78 min,"Animation, Adventure, Comedy",Mark Dindal,"David Reynolds, Chris Williams, Mark Dindal","David Spade, John Goodman, Eartha Kitt","Emperor Kuzco is turned into a llama by his ex-administrator Yzma, and must now regain his throne and his human form with the help of Pacha, a gentle llama herder.",English,"United States, Japan, France",Nominated for 1 Oscar. 7 wins & 27 nominations total,https://m.media-amazon.com/images/M/MV5BMjM2MWU5ZDEtNDZlZC00ZmQ2LThiOTEtMmZkMzAxMmI5MGIyXkEyXkFqcGc@._V1_SX300.jpg,"[{'Source': 'Internet Movie Database', 'Value': '7.4/10'}, {'Source': 'Rotten Tomatoes', 'Value': '86%'}, {'Source': 'Metacritic', 'Value': '70/100'}]",70,7.4,"246,493",tt0120917,movie,N/A,"$89,636,687",N/A,N/A,True,tt0120917,True,,,,
Lilo & Stitch,2002,PG,21 Jun 2002,85 min,"Animation, Adventure, Comedy","Dean DeBlois, Chris Sanders","Chris Sanders, Dean DeBlois","Daveigh Chase, Chris Sanders, Tia Carrere","A young and parentless girl adopts a 'dog' from the local pound, completely unaware that it's supposedly a dangerous scientific experiment that's taken refuge on Earth and is now hiding from its creator and those who see it as a m...","English, Hawaiian","United States, Japan",Nominated for 1 Oscar. 12 wins & 28 nominations total,https://m.media-amazon.com/images/M/MV5BYzRiYTA1YTEtMjYwMi00NGVhLThkOGYtZDBlYjNjZDk2NDEwXkEyXkFqcGc@._V1_SX300.jpg,"[{'Source': 'Internet Movie Database', 'Value': '7.4/10'}, {'Source': 'Rotten Tomatoes', 'Value': '86%'}, {'Source': 'Metacritic', 'Value': '75/100'}]",75,7.4,"241,773",tt0275847,movie,N/A,"$145,794,338",N/A,N/A,True,tt0275847,True,,,,
Scooby-Doo 2: Monsters Unleashed,2004,PG,26 Mar 2004,93 min,"Adventure, Comedy, Family",Raja Gosnell,"William Hanna, Joseph Barbera, James Gunn","Freddie Prinze Jr., Sarah Michelle Gellar, Matthew Lillard",The Mystery Inc. gang must save Coolsville from an attack of their past monsters brought to life by an evil masked figure trying to take down the gang.,English,"United States, Canada",2 wins & 4 nominations total,https://m.media-amazon.com/images/M/MV5BMjEzNzk3NTE1Ml5BMl5BanBnXkFtZTYwODM1MTU3._V1_SX300.jpg,"[{'Source': 'Internet Movie Database', 'Value': '5.3/10'}, {'Source': 'Rotten Tomatoes', 'Value': '22%'}, {'Source': 'Metacritic', 'Value': '34/100'}]",34,5.3,"71,108",tt0331632,movie,N/A,"$84,239,132",N/A,N/A,True,tt0331632,True,,,,
Mickey's Twice Upon a Christmas,2004,G,09 Nov 2004,68 min,"Animation, Comedy, Family, Fantasy","Theresa Cullen, Carole Holliday, Peggy Holmes, Matthew O'Callaghan","Bill Motz (screenplay), Bob Roth (screenplay), Peggy Holmes (screenplay), Peggy Holmes (story), Chad Fiveash (screenplay: segment ""Christmas: Impossible""), James Patrick Stoteraux (screenplay), Matthew O'Callaghan (screenplay), Chad Fiveash (story: segment ""Christmas: Impossible""), James Patrick Stoteraux (story), Bill Motz (screenplay), Bob Roth (screenplay), Shirley Pierce (screenplay), Theresa Cullen (story), Jim Peronto (screenplay), Carole Holliday (screenplay), Carole Holliday (story), Michael Shipley (screenplay), Jim Bernstein (screenplay), Shirley Pierce (screenplay), Colin Goldman (story), Matthew O'Callaghan (story), Robin Kingsland","Wayne Allwine, Tony Anselmo, Jeff Bennett, Jim Cummings",Sequel to Mickey's Once Upon a Christmas,English,USA,1 win & 3 nominations.,https://m.media-amazon.com/images/M/MV5BNGY1M2UyMzMtMTg2NC00YTkwLThiMTYtMTFiNWZiNTdhY2NhXkEyXkFqcGdeQXVyODk1MzE0Mzk@._V1_SX300.jpg,"[{'Source': 'Internet Movie Database', 'Value': '6.5/10'}]",N/A,6.5,"4,393",tt0424279,movie,N/A,N/A,N/A,N/A,True,tt0424279,True,,,,
The Pacifier,2005,PG,04 Mar 2005,95 min,"Action, Comedy, Drama",Adam Shankman,"Thomas Lennon, Robert Ben Garant","Vin Diesel, Brittany Snow, Max Thieriot","Having recovered from wounds received in a failed rescue operation, Navy SEAL Shane Wolfe is handed a new assignment: Protect the five Plummer kids from enemies of their recently deceased father -- a government scientist whose top...","English, Korean",United States,1 win & 10 nominations total,https://m.media-amazon.com/images/M/MV5BMTE5MTcxOTQxNl5BMl5BanBnXkFtZTYwMzk3Nzg2._V1_SX300.jpg,"[{'Source': 'Internet Movie Database', 'Value': '5.6/10'}, {'Source': 'Rotten Tomatoes', 'Value': '21%'}, {'Source': 'Metacritic', 'Value': '30/100'}]",30,5.6,"102,778",tt0395699,movie,N/A,"$113,086,868",N/A,N/A,True,tt0395699,True,,,,
Bee Movie,2007,PG,02 Nov 2007,91 min,"Animation, Adventure, Comedy","Simon J. Smith, Steve Hickner","Jerry Seinfeld, Spike Feresten, Barry Marder","Jerry Seinfeld, Renée Zellweger, Matthew Broderick","Barry B. Benson, a bee just graduated from college, is disillusioned at his lone career choice: making honey. On a special trip outside the hive, Barry's life is saved by Vanessa, a florist in New York City. As their relationship ...",English,United States,1 win & 15 nominations total,https://m.media-amazon.com/images/M/MV5BMjE1MDYxOTA4MF5BMl5BanBnXkFtZTcwMDE0MDUzMw@@._V1_SX300.jpg,"[{'Source': 'Internet Movie Database', 'Value': '6.1/10'}, {'Source': 'Rotten Tomatoes', 'Value': '49%'}, {'Source': 'Metacritic', 'Value': '54/100'}]",54,6.1,"195,239",tt0389790,movie,N/A,"$126,631,277",N/A,N/A,True,tt0389790,True,,,,
Kung Fu Panda,2008,PG,06 Jun 2008,92 min,"Animation, Action, Adventure","Mark Osborne, John Stevenson","Jonathan Aibel, Glenn Berger, Ethan Reiff","Jack Black, Ian McShane, Angelina Jolie","To everyone's surprise, including his own, Po, an overweight, clumsy panda, is chosen as protector of the Valley of Peace. His suitability will soon be tested as the valley's arch-enemy is on his way.","English, Japanese, Chinese","United States, Japan, China, Russia",Nominated for 1 Oscar. 15 wins & 39 nominations total,https://m.media-amazon.com/images/M/MV5BZDU5MDNiMGItYjVmZi00NDUxLTg2OTktNGE0NzNlNzM4NzgyXkEyXkFqcGc@._V1_SX300.jpg,"[{'Source': 'Internet Movie Database', 'Value': '7.6/10'}, {'Source': 'Rotten Tomatoes', 'Value': '87%'}, {'Source': 'Metacritic', 'Value': '74/100'}]",74,7.6,"574,537",tt0441773,movie,N/A,"$216,064,546",N/A,N/A,True,tt0441773,True,,,,
Jessie,2015,TV-PG,06 Feb 2015,21 min,Reality-TV,Skye Hilton,N/A,Stacy London,Jessie's come to Stacy because she wants to be a New York City police officer but her style is way too scandalous to serve and protect.,N/A,N/A,N/A,https://m.media-amazon.com/images/M/MV5BMTc0Mjk1NTg4OV5BMl5BanBnXkFtZTgwOTY3NTQzNjE@._V1_SX300.jpg,[],N/A,N/A,N/A,tt4832964,episode,,,,,True,tt4832964,True,1,5,tt4832964,
Lab Rats,2016,N/A,15 Oct 2016,17 min,"Short, Action, Horror",John Stevenson,John Stevenson,"Jackie Calderon, Rupert Giroux, Kevin Hsieh",N/A,English,United States,N/A,N/A,[],N/A,N/A,N/A,tt6298068,movie,N/A,N/A,N/A,N/A,True,tt6298068,True,,,,
Hotel Transylvania 2,2015,PG,25 Sep 2015,89 min,"Animation, Adventure, Comedy",Genndy Tartakovsky,"Robert Smigel, Adam Sandler, Todd Durham","Adam Sandler, Andy Samberg, Selena Gomez","Dracula and his friends try to bring out the monster in his half human, half vampire grandson in order to keep Mavis from leaving the hotel.",English,"United States, Canada",3 wins & 11 nominations total,https://m.media-amazon.com/images/M/MV5BY2ExYWJhMDYtYjcwMy00YjA2LTk2YzQtY2FhMWYxZThiNDQzXkEyXkFqcGc@._V1_SX300.jpg,"[{'Source': 'Internet Movie Database', 'Value': '6.6/10'}, {'Source': 'Rotten Tomatoes', 'Value': '57%'}, {'Source': 'Metacritic', 'Value': '44/100'}]",44,6.6,"160,207",tt2510894,movie,N/A,"$169,700,110",N/A,N/A,True,tt2510894,True,,,,
Goosebumps,2015,PG,16 Oct 2015,103 min,"Adventure, Comedy, Family",Rob Letterman,"Darren Lemke, Scott Alexander, Larry Karaszewski","Jack Black, Dylan Minnette, Odeya Rush","A teenager teams up with the daughter of young-adult horror author R.L. Stine after the writer's imaginary demons are set free on the town of Madison, Delaware.","English, Ukrainian","United States, Australia",4 nominations total,https://m.media-amazon.com/images/M/MV5BMjA1OTUzNTQ5Ml5BMl5BanBnXkFtZTgwODQ4NDkxNjE@._V1_SX300.jpg,"[{'Source': 'Internet Movie Database', 'Value': '6.3/10'}, {'Source': 'Rotten Tomatoes', 'Value': '78%'}, {'Source': 'Metacritic', 'Value': '60/100'}]",60,6.3,"101,752",tt1051904,movie,N/A,"$80,080,379",N/A,N/A,True,tt1051904,True,,,,
Kung Fu Panda 3,2016,PG,29 Jan 2016,95 min,"Animation, Action, Adventure","Alessandro Carloni, Jennifer Yuh Nelson","Jonathan Aibel, Glenn Berger, Ethan Reiff","Jack Black, Bryan Cranston, Dustin Hoffman","Continuing his ""legendary adventures of awesomeness"", Po must face two hugely epic, but different threats: one supernatural and the other a little closer to home.",English,"United States, China",1 win & 10 nominations total,https://m.media-amazon.com/images/M/MV5BMTUyNzgxNjg2M15BMl5BanBnXkFtZTgwMTY1NDI1NjE@._V1_SX300.jpg,"[{'Source': 'Internet Movie Database', 'Value': '7.1/10'}, {'Source': 'Rotten Tomatoes', 'Value': '87%'}, {'Source': 'Metacritic', 'Value': '66/100'}]",66,7.1,"215,526",tt2267968,movie,N/A,"$143,528,619",N/A,N/A,True,tt2267968,True,,,,
Open Season: Scared Silly,2015,PG,08 Mar 2016,84 min,"Animation, Adventure, Comedy","David Feiss, Frantisek Vasa","Carlos Kotkin, John B. Carls, Steve Moore","Will Townsend, Donny Lucas, Melissa Sturm","Elliot, Boog and all of the beloved woodland creatures are back in a brand-new comedy adventure.",English,"United States, Canada, Australia, Czech Republic, United Kingdom",5 nominations total,https://m.media-amazon.com/images/M/MV5BYjM1ZDlkZmUtMDJlOC00OWYzLWIyNjgtMWMyNzYwODhmOWNlXkEyXkFqcGc@._V1_SX300.jpg,"[{'Source': 'Internet Movie Database', 'Value': '5.0/10'}]",N/A,5.0,"4,497",tt4938374,movie,N/A,N/A,N/A,N/A,True,tt4938374,True,,,,
The Land Before Time XIV: Journey of the Brave,2016,G,02 Feb 2016,82 min,"Animation, Adventure, Family, Musical","Davis Doi, Tony Tulipano, Sheldon Arnst, Jessie Hsiung, Bunis Yang","Cliff Ruby (screenplay by), Elana Lesser (screenplay by), Judy Freudberg (based on characters created by), Tony Geiss (based on characters created by)","Tony Amendola, Felix Avitia, Issac Ryan Brown, Meghan Strange","After his father doesn't return from an important journey, Littlefoot and company set out to find him.",English,N/A,N/A,https://m.media-amazon.com/images/M/MV5BNTcxMTkxOTA5M15BMl5BanBnXkFtZTgwODExMDE5NzE@._V1_SX300.jpg,"[{'Source': 'Internet Movie Database', 'Value': '6.0/10'}]",N/A,6.0,596,tt4431254,movie,N/A,N/A,N/A,N/A,True,tt4431254,True,,,,
Ask the StoryBots,2016–2019,TV-Y,12 Aug 2016,1 min,"Animation, Adventure, Comedy",N/A,"Evan Spiridellis, Gregg Spiridellis","Judy Greer, Erin Fitzgerald, Fred Tatasciore","Based on the award-winning educational apps, the StoryBots are curious little creatures who live in the world beneath our screens and go on fun adventures to help answer kids' questions.",English,United States,7 wins & 16 nominations total,https://m.media-amazon.com/images/M/MV5BYTBlYjhhYWYtMjcwMi00YTZiLThlNmMtOWJjNjVlY2JjMjQwXkEyXkFqcGc@._V1_SX300.jpg,"[{'Source': 'Internet Movie Database', 'Value': '8.5/10'}]",N/A,8.5,"1,131",tt5846856,series,,,,,True,tt5846856,True,,,,3
Little Baby Bum: Nursery Rhyme Friends,2016–2019,N/A,16 May 2016,60 min,"Animation, Family, Music",N/A,N/A,"Chloe Marsden, María Esnoz, Aaron Marsden","Twinkle, Mia, Jacus and the rest of the Nursery Rhyme Friends perform catchy tunes for the little ones.",English,United Kingdom,N/A,https://m.media-amazon.com/images/M/MV5BMDQ4NDllYjMtYzcyOC00MGY3LWE4ZDQtNmI0MjhmMTFiMjBmXkEyXkFqcGc@._V1_SX300.jpg,"[{'Source': 'Internet Movie Database', 'Value': '6.2/10'}]",N/A,6.2,52,tt11460334,series,,,,,True,tt11460334,True,,,,2
Antz,1998,PG,02 Oct 1998,83 min,"Animation, Adventure, Comedy","Eric Darnell, Tim Johnson, Lawrence Guterman","Todd Alcott, Chris Weitz, Paul Weitz","Woody Allen, Sharon Stone, Gene Hackman",A rather neurotic ant tries to break from his totalitarian society while trying to win the affection of the princess he loves.,English,"United States, United Kingdom",Nominated for 1 BAFTA Award6 wins & 14 nominations total,https://m.media-amazon.com/images/M/MV5BYzdlMzZhZjctY2JjYy00OGRiLThjMTEtODRmZTg2ZjI5MjEzXkEyXkFqcGc@._V1_SX300.jpg,"[{'Source': 'Internet Movie Database', 'Value': '6.5/10'}, {'Source': 'Rotten Tomatoes', 'Value': '92%'}, {'Source': 'Metacritic', 'Value': '73/100'}]",73,6.5,"169,324",tt0120587,movie,N/A,"$90,757,863",N/A,N/A,True,tt0120587,True,,,,
Chicken Run,2000,G,23 Jun 2000,84 min,"Animation, Adventure, Comedy","Peter Lord, Nick Park","Peter Lord, Nick Park, Karey Kirkpatrick","Mel Gibson, Julia Sawalha, Phil Daniels","When a cockerel apparently flies into a chicken farm, the chickens see him as an opportunity to escape their evil owners.",English,"United Kingdom, France, United States",Nominated for 2 BAFTA 24 wins & 27 nominations total,https://m.media-amazon.com/images/M/MV5BZGViZmJjMTQtNDk3NC00NjQ4LTg0ODItYWI3MjY3YmUwMjczXkEyXkFqcGc@._V1_SX300.jpg,"[{'Source': 'Internet Movie Database', 'Value': '7.1/10'}, {'Source': 'Rotten Tomatoes', 'Value': '97%'}, {'Source': 'Metacritic', 'Value': '88/100'}]",88,7.1,"223,786",tt0120630,movie,N/A,"$107,071,709",N/A,N/A,True,tt0120630,True,,,,
Spy Kids 3: Game Over,2003,PG,25 Jul 2003,84 min,"Action, Adventure, Comedy",Robert Rodriguez,Robert Rodriguez,"Daryl Sabara, Alexa PenaVega, Antonio Banderas","Carmen's caught in a virtual reality game designed by the Kids' new nemesis, the Toymaker. It's up to Juni to save his sister, and ultimately the world.",English,United States,3 wins & 5 nominations total,https://m.media-amazon.com/images/M/MV5BMjE1MzVhNjgtMDE5Zi00YmIyLWI4ZTQtZTBiZTRkNmFhZjUzXkEyXkFqcGc@._V1_SX300.jpg,"[{'Source': 'Internet Movie Database', 'Value': '4.4/10'}, {'Source': 'Rotten Tomatoes', 'Value': '45%'}, {'Source': 'Metacritic', 'Value': '57/100'}]",57,4.4,"69,529",tt0338459,movie,N/A,"$111,761,982",N/A,N/A,True,tt0338459,True,,,,
Annie,1982,PG,18 Jun 1982,127 min,"Comedy, Drama, Family",John Huston,"Carol Sobieski, Thomas Meehan, Martin Charnin","Aileen Quinn, Albert Finney, Carol Burnett","A spunky young orphan is taken in by a rich eccentric, much to the chagrin of the cantankerous woman who runs the orphanage.",English,United States,Nominated for 2 Oscars. 3 wins & 13 nominations total,https://m.media-amazon.com/images/M/MV5BZjQzOGJkNTAtYzY3NS00ZjViLWI4OTMtZTdkNzRjYWRmOTUwXkEyXkFqcGc@._V1_SX300.jpg,"[{'Source': 'Internet Movie Database', 'Value': '6.6/10'}, {'Source': 'Rotten Tomatoes', 'Value': '49%'}, {'Source': 'Metacritic', 'Value': '39/100'}]",39,6.6,"52,930",tt0083564,movie,N/A,"$57,059,003",N/A,N/A,True,tt0083564,True,,,,
Beverly Hills Chihuahua 3: Viva La Fiesta!,2012,G,18 Sep 2012,89 min,"Adventure, Comedy, Family",Lev L. Spiro,"Dana Starfield, Jeffrey Bushell (characters)","Marcus Coloma, Erin Cahill, Cedric Yarbrough, Frances Fisher","When Papi, Chloe, the pups, Uncle Pedro and their owners move to a hotel, the smallest pup Rosa feels like she doesn't fit in, and Papi wants to make her feel better by showing her how special she is.",English,USA,N/A,https://m.media-amazon.com/images/M/MV5BMTk1Mjc5NTI1MF5BMl5BanBnXkFtZTcwODAzMzM3Nw@@._V1_SX300.jpg,"[{'Source': 'Internet Movie Database', 'Value': '4.4/10'}]",N/A,4.4,"1,796",tt2224075,movie,N/A,N/A,N/A,N/A,True,tt2224075,True,,,,
Paddington,2014,PG,16 Jan 2015,95 min,"Adventure, Comedy, Family",Paul King,"Paul King, Hamish McColl, Michael Bond","Tim Downie, Madeleine Worrall, Lottie Steer","A young Peruvian bear travels to London in search of a home. Finding himself lost and alone at Paddington Station, he meets the kindly Brown family, who offer him a temporary haven.","English, Mandarin, Spanish","United Kingdom, France, Costa Rica",Nominated for 2 BAFTA 3 wins & 7 nominations total,https://m.media-amazon.com/images/M/MV5BMTAxOTMwOTkwNDZeQTJeQWpwZ15BbWU4MDEyMTI1NjMx._V1_SX300.jpg,"[{'Source': 'Internet Movie Database', 'Value': '7.3/10'}, {'Source': 'Rotten Tomatoes', 'Value': '97%'}, {'Source': 'Metacritic', 'Value': '77/100'}]",77,7.3,"151,982",tt1109624,movie,N/A,"$76,271,832",N/A,N/A,True,tt1109624,True,,,,
Sid the Science Kid,2008–,TV-Y,01 Sep 2008,27 min,"Animation, Comedy, Family",N/A,Jim Henson,"Drew Massey, Victor Yerrid, Mia Ella Mimica",A young and curious boy constantly wonders the fields of science.,English,United States,7 nominations total,https://m.media-amazon.com/images/M/MV5BYjIzMjFjNjgtMTJmYy00YzYxLTg0YmEtYTc2YjNkOTcyN2I5XkEyXkFqcGc@._V1_SX300.jpg,"[{'Source': 'Internet Movie Database', 'Value': '5.5/10'}]",N/A,5.5,"1,023",tt1236429,series,,,,,True,tt1236429,True,,,,4
Minions,2015,N/A,25 Feb 2015,N/A,"Animation, Comedy, Family",Dane Boedigheimer,"Dane Boedigheimer, Spencer Grove","Dane Boedigheimer, Bobby Jennings",N/A,N/A,N/A,N/A,https://m.media-amazon.com/images/M/MV5BZjJjOGU0MjEtODg2ZC00MTk5LWJiNzgtYmUwYTM3Y2QyYzg0XkEyXkFqcGdeQXVyNTkyNzIxOTU@._V1_SX300.jpg,[],N/A,N/A,N/A,tt11262310,episode,,,,,True,tt11262310,True,2,5,tt11225340,
The Little Prince,2015,PG,05 Aug 2016,108 min,"Animation, Adventure, Comedy",Mark Osborne,"Irena Brignull, Bob Persichetti, Antoine de Saint-Exupéry","Jeff Bridges, Mackenzie Foy, Rachel McAdams","A little girl lives in a very grown-up world with her mother, who tries to prepare her for it. Her neighbor, the Aviator, introduces the girl to an extraordinary world where anything is possible, the world of the Little Prince.",English,"France, China, Canada, United States",7 wins & 15 nominations total,https://m.media-amazon.com/images/M/MV5BNjg0OTM5OTQyNV5BMl5BanBnXkFtZTgwNDg5NDQ0NTE@._V1_SX300.jpg,"[{'Source': 'Internet Movie Database', 'Value': '7.6/10'}, {'Source': 'Rotten Tomatoes', 'Value': '92%'}, {'Source': 'Metacritic', 'Value': '70/100'}]",70,7.6,"70,308",tt1754656,movie,N/A,"$1,339,152",N/A,N/A,True,tt1754656,True,,,,
Word Party,2016–,TV-Y,08 Jul 2016,11 min,"Animation, Family",N/A,Alex Rockwell,"Victor Yerrid, Dorien Davies, Misty Rosas",Four adorable animal babies need your help to learn lots of skills - especially how to talk.,English,United States,N/A,https://m.media-amazon.com/images/M/MV5BZmZlYTg4MmEtZTNiYS00OTFhLTkwZjItNzQwZGU2YzdhMGM5XkEyXkFqcGc@._V1_SX300.jpg,"[{'Source': 'Internet Movie Database', 'Value': '5.5/10'}]",N/A,5.5,397,tt5235950,series,,,,,True,tt5235950,True,,,,5
Cool Runnings,1993,PG,01 Oct 1993,98 min,"Adventure, Comedy, Family",Jon Turteltaub,"Lynn Siefert, Michael Ritchie, Tommy Swerdlow","John Candy, Leon, Doug E. Doug","When a Jamaican sprinter is disqualified from the Olympic Games, he enlists the help of a dishonored coach to start the first Jamaican Bobsled Team.","English, German, Russian",United States,2 wins & 2 nominations total,https://m.media-amazon.com/images/M/MV5BZjBmZDM0OTQtMjJiMi00NTEwLWEzNTktMTY5NWFmMDcwZmNjXkEyXkFqcGc@._V1_SX300.jpg,"[{'Source': 'Internet Movie Database', 'Value': '7.0/10'}, {'Source': 'Rotten Tomatoes', 'Value': '75%'}, {'Source': 'Metacritic', 'Value': '60/100'}]",60,7.0,"122,391",tt0106611,movie,N/A,"$68,856,263",N/A,N/A,True,tt0106611,True,,,,
Homeward Bound: The Incredible Journey,1993,G,12 Feb 1993,84 min,"Adventure, Comedy, Drama",Duwayne Dunham,"Sheila Burnford, Caroline Thompson, Linda Woolverton","Michael J. Fox, Sally Field, Don Ameche","A fun-loving American bulldog pup, a hilarious Himalayan cat, and a wise old golden retriever embark on a long trek through the rugged wilderness of the Sierra Nevada mountains in a quest to reach home and their beloved owners.",English,United States,1 nomination total,https://m.media-amazon.com/images/M/MV5BOWQzYzgyNGEtMjFhMC00MjhlLTk2OGYtMzY4M2MyYWE5ZGI1XkEyXkFqcGc@._V1_SX300.jpg,"[{'Source': 'Internet Movie Database', 'Value': '7.0/10'}, {'Source': 'Rotten Tomatoes', 'Value': '87%'}]",N/A,7.0,"54,161",tt0107131,movie,N/A,"$41,833,324",N/A,N/A,True,tt0107131,True,,,,
Anastasia,1997,G,21 Nov 1997,94 min,"Animation, Adventure, Drama","Don Bluth, Gary Goldman","Susan Gauthier, Bruce Graham, Bob Tzudiker","Meg Ryan, John Cusack, Christopher Lloyd","The last surviving child of the Russian Royal Family joins two con men to reunite with her grandmother, the Dowager Empress, while the undead Rasputin seeks her death.","English, Russian, French",United States,Nominated for 2 Oscars. 10 wins & 23 nominations total,https://m.media-amazon.com/images/M/MV5BMGY2YjdjNTItMGIzOC00MDNhLTkxNDMtNzgxN2U4YzA3YzRlXkEyXkFqcGc@._V1_SX300.jpg,"[{'Source': 'Internet Movie Database', 'Value': '7.2/10'}, {'Source': 'Rotten Tomatoes', 'Value': '83%'}, {'Source': 'Metacritic', 'Value': '61/100'}]",61,7.2,"146,017",tt0118617,movie,N/A,"$58,406,347",N/A,N/A,True,tt0118617,True,,,,
Curious George,2006,G,10 Feb 2006,87 min,"Animation, Adventure, Comedy",Matthew O'Callaghan,"Ken Kaufman, Mike Werb, Margret Rey","Will Ferrell, Drew Barrymore, Eugene Levy","The Man in the Yellow Hat is an oddball museum employee who looks after his pet monkey, an inquisitive and wonderful creature whose enthusiasm often gets the best of him.",English,"United States, Germany, Taiwan, France, Philippines, South Korea, Canada, United Kingdom",1 nomination total,https://m.media-amazon.com/images/M/MV5BODIxNzYxNDEzNl5BMl5BanBnXkFtZTgwMjA1NTM2MTI@._V1_SX300.jpg,"[{'Source': 'Internet Movie Database', 'Value': '6.5/10'}, {'Source': 'Rotten Tomatoes', 'Value': '70%'}, {'Source': 'Metacritic', 'Value': '62/100'}]",62,6.5,"19,044",tt0381971,movie,N/A,"$58,360,760",N/A,N/A,True,tt0381971,True,,,,
Secret of the Wings,2012,G,16 Aug 2012,75 min,"Animation, Family, Fantasy","Peggy Holmes, Bobs Gannaway","Bobs Gannaway, Peggy Holmes, Ryan Rowe","Mae Whitman, Lucy Hale, Timothy Dalton",Tinkerbell wanders into the forbidden Winter woods and meets Periwinkle. Together they learn the secret of their wings and try to unite the warm fairies and the winter fairies to help Pixie Hollow.,English,"United States, India",1 win & 5 nominations total,https://m.media-amazon.com/images/M/MV5BODk1MGYyODQtNzQyMS00MjQ1LTk5MjgtNDNiZjk5MDdjNGYxXkEyXkFqcGc@._V1_SX300.jpg,"[{'Source': 'Internet Movie Database', 'Value': '7.0/10'}, {'Source': 'Rotten Tomatoes', 'Value': '62%'}]",N/A,7.0,"15,741",tt1217213,movie,N/A,N/A,N/A,N/A,True,tt1217213,True,,,,
Walt Disney Animation Studios Short Films Collection,2015,G,18 Aug 2015,89 min,"Animation, Adventure, Comedy, Family","Roger Allers, Mark Henn, Lauren MacMullan","Roger Allers (story adaptation by), Ed Gombert (story development), Kevin Harkey (story development), Nancy Kruse (story), Lauren MacMullan (story), Burny Mattinson (story/additional story), Marc Smith (story by)","Paul Briggs, Alan Dale, Bill Farmer, Jack Goldenberg","A series of superb animated short films, created by the brilliant minds at Disney Animated Studios, and narrated by the executive staff.",English,USA,N/A,https://m.media-amazon.com/images/M/MV5BYTdkYjkyMzgtMjQyOC00ZmNiLTg1OTAtNzJhY2MyNjlmM2M5XkEyXkFqcGdeQXVyNDgyODgxNjE@._V1_SX300.jpg,"[{'Source': 'Internet Movie Database', 'Value': '7.7/10'}]",N/A,7.7,726,tt6181728,movie,N/A,N/A,N/A,N/A,True,tt6181728,True,,,,
The BFG,2016,N/A,02 Dec 2016,N/A,"Animation, Talk-Show",N/A,N/A,N/A,N/A,N/A,N/A,N/A,https://m.media-amazon.com/images/M/MV5BZjc5NjU1MTYtN2U2Mi00MmZlLTk0YWUtYWU0YmM5MmZkMWZmL2ltYWdlL2ltYWdlXkEyXkFqcGdeQXVyNjg3MDM4Mzc@._V1_SX300.jpg,[],N/A,N/A,N/A,tt14009360,episode,,,,,True,tt14009360,True,N/A,N/A,N/A,
Babe: Pig in the City,1998,PG,25 Nov 1998,97 min,"Adventure, Comedy, Drama",George Miller,"George Miller, Judy Morris, Mark Lamprell","Magda Szubanski, Elizabeth Daily, Mickey Rooney","Babe, fresh from his victory in the sheepherding contest, returns to Farmer Hoggett's farm, but after Farmer Hoggett is injured and unable to work, Babe has to go to the big city to save the farm.",English,"Australia, United States",Nominated for 1 Oscar. 1 win & 17 nominations total,https://m.media-amazon.com/images/M/MV5BOWY0NzY1NTgtODRhMC00MWM5LTk1OGMtNGNlNTBhY2RhOTg3XkEyXkFqcGc@._V1_SX300.jpg,"[{'Source': 'Internet Movie Database', 'Value': '5.9/10'}, {'Source': 'Rotten Tomatoes', 'Value': '67%'}, {'Source': 'Metacritic', 'Value': '68/100'}]",68,5.9,"37,237",tt0120595,movie,N/A,"$18,319,860",N/A,N/A,True,tt0120595,True,,,,
The Prince of Egypt,1998,PG,18 Dec 1998,99 min,"Animation, Adventure, Drama","Brenda Chapman, Steve Hickner, Simon Wells","Philip LaZebnik, Nicholas Meyer","Val Kilmer, Ralph Fiennes, Michelle Pfeiffer",Egyptian Prince Moses learns of his identity as a Hebrew and his destiny to become the chosen deliverer of his people.,"English, Hebrew","United States, Canada",Won 1 Oscar. 12 wins & 27 nominations total,https://m.media-amazon.com/images/M/MV5BMjc4NzU5MDUtNmFkNi00NzI5LWE3NjQtNjJlZDRlNjdhZWYwXkEyXkFqcGc@._V1_SX300.jpg,"[{'Source': 'Internet Movie Database', 'Value': '7.2/10'}, {'Source': 'Rotten Tomatoes', 'Value': '79%'}, {'Source': 'Metacritic', 'Value': '64/100'}]",64,7.2,"158,262",tt0120794,movie,N/A,"$101,413,188",N/A,N/A,True,tt0120794,True,,,,
Paulie,1998,PG,17 Apr 1998,91 min,"Adventure, Comedy, Drama",John Roberts,Laurie Craig,"Gena Rowlands, Tony Shalhoub, Cheech Marin",A talking parrot named Paulie recounts his travels to look for his original owner to a Russian janitor who helps him to the end of his journey.,"English, Spanish",United States,Won 1 BAFTA Award2 wins & 6 nominations total,https://m.media-amazon.com/images/M/MV5BZDBiYmJjNjctZDRmOS00YTk4LTljZTQtNjY5MTBiNThiYjVjXkEyXkFqcGc@._V1_SX300.jpg,"[{'Source': 'Internet Movie Database', 'Value': '6.5/10'}, {'Source': 'Rotten Tomatoes', 'Value': '61%'}]",N/A,6.5,"17,125",tt0125454,movie,N/A,"$26,875,268",N/A,N/A,True,tt0125454,True,,,,
The Road to El Dorado,2000,PG,31 Mar 2000,89 min,"Animation, Adventure, Comedy","Bibo Bergeron, Don Paul, Jeffrey Katzenberg","Ted Elliott, Terry Rossio, Karey Kirkpatrick","Kevin Kline, Kenneth Branagh, Rosie Perez","Two swindlers get their hands on a map to the fabled city of gold, El Dorado.",English,"United States, Canada, France",1 win & 12 nominations total,https://m.media-amazon.com/images/M/MV5BMjIyNDBmYTEtYjM3MS00NDhkLWFhNjYtZGYxYzA2OGUyZjQ2XkEyXkFqcGc@._V1_SX300.jpg,"[{'Source': 'Internet Movie Database', 'Value': '6.9/10'}, {'Source': 'Rotten Tomatoes', 'Value': '49%'}, {'Source': 'Metacritic', 'Value': '51/100'}]",51,6.9,"118,185",tt0138749,movie,N/A,"$50,863,742",N/A,N/A,True,tt0138749,True,,,,
Fantasia,1940,G,19 Sep 1941,124 min,"Animation, Family, Fantasy","James Algar, Samuel Armstrong, Ford Beebe Jr.","Joe Grant, Dick Huemer, Lee Blair","Leopold Stokowski, Deems Taylor, The Philadelphia Orchestra","A series of eight famous pieces of classical music, conducted by Leopold Stokowski and interpreted in animation by Walt Disney's team of artists.",English,United States,9 wins & 1 nomination total,https://m.media-amazon.com/images/M/MV5BMmM1NGNjZWUtZTk2Zi00ZjdmLTk3Y2QtMDQyNjJjMWI1ZDFlXkEyXkFqcGc@._V1_SX300.jpg,"[{'Source': 'Internet Movie Database', 'Value': '7.7/10'}, {'Source': 'Rotten Tomatoes', 'Value': '95%'}, {'Source': 'Metacritic', 'Value': '96/100'}]",96,7.7,"110,233",tt0032455,movie,N/A,"$76,408,097",N/A,N/A,True,tt0032455,True,,,,
An American Tail,1986,G,21 Nov 1986,80 min,"Animation, Adventure, Comedy",Don Bluth,"Judy Freudberg, Tony Geiss, David Kirschner","Dom DeLuise, Christopher Plummer, Erica Yohn","While emigrating to the United States, a young Russian mouse gets separated from his family and must locate them while trying to survive in a new country.",English,United States,Nominated for 1 Oscar. 6 wins & 7 nominations total,https://m.media-amazon.com/images/M/MV5BM2Q4YTcyOTItNjE3OC00MjFkLTk0YjktNmYxNGI0OTI0OTI1XkEyXkFqcGc@._V1_SX300.jpg,"[{'Source': 'Internet Movie Database', 'Value': '6.9/10'}, {'Source': 'Rotten Tomatoes', 'Value': '76%'}, {'Source': 'Metacritic', 'Value': '38/100'}]",38,6.9,"61,031",tt0090633,movie,N/A,"$47,483,002",N/A,N/A,True,tt0090633,True,,,,
Pooh's Grand Adventure: The Search for Christopher Robin,1997,G,05 Aug 1997,76 min,"Animation, Adventure, Comedy, Family, Musical",Karl Geurs,"A.A. Milne (stories), Karl Geurs (screenplay), Carter Crocker (screenplay)","Jim Cummings, John Fiedler, Ken Sansom, Andre Stojka","Winnie the Pooh and company embark on a quest to rescue Christopher Robin from certain doom in a place called ""Skull"" after misreading a note he left for them.",English,USA,5 nominations.,https://m.media-amazon.com/images/M/MV5BMjkxYTAyNDktNTQ3Yy00MjJjLTkzYTktNDJjYTkyMzdjY2E5XkEyXkFqcGdeQXVyOTg4MDk3MTQ@._V1_SX300.jpg,"[{'Source': 'Internet Movie Database', 'Value': '7.1/10'}, {'Source': 'Rotten Tomatoes', 'Value': '38%'}]",N/A,7.1,"5,457",tt0119918,movie,N/A,N/A,N/A,N/A,True,tt0119918,True,,,,
FernGully 2: The Magical Rescue,1998,G,17 Mar 1998,75 min,"Animation, Adventure, Family, Fantasy","Phil Robinson, David Marshall(co-director)","Richard Tulloch (screenplay), Diana Young (original stories), Chris Fink (additional story ideas), Carol Hughes (additional story ideas)","James S. Baker, Matt K. Miller, Erik Bergmann, Connie Champagne",The fairies of FernGully must venture outside the rain forest to rescue several young animals who were captured by poachers.,English,USA,4 nominations.,https://m.media-amazon.com/images/M/MV5BMTgzOTE3ODg4NF5BMl5BanBnXkFtZTgwNjc3Njk1MDI@._V1_SX300.jpg,"[{'Source': 'Internet Movie Database', 'Value': '4.6/10'}]",N/A,4.6,"1,424",tt0129924,movie,N/A,N/A,N/A,N/A,True,tt0129924,True,,,,
Balto,1995,G,22 Dec 1995,78 min,"Animation, Adventure, Drama",Simon Wells,"Cliff Ruby, Elana Lesser, David Steven Cohen","Kevin Bacon, Bob Hoskins, Bridget Fonda","An outcast Husky risks his life with other sled dogs to prevent a deadly epidemic from ravaging Nome, Alaska.",English,United States,5 nominations total,https://m.media-amazon.com/images/M/MV5BNzY2OGY3MTYtMTlhNC00MDUyLWE2OGEtNzMzZjQxYjFiYjRiXkEyXkFqcGc@._V1_SX300.jpg,"[{'Source': 'Internet Movie Database', 'Value': '7.1/10'}, {'Source': 'Rotten Tomatoes', 'Value': '54%'}]",N/A,7.1,"51,603",tt0112453,movie,N/A,"$11,348,324",N/A,N/A,True,tt0112453,True,,,,
The Brave Little Toaster Goes to Mars,1998,Not Rated,18 May 1998,73 min,"Animation, Adventure, Family, Sci-Fi","Robert C. Ramirez, Patrick A. Ventura","Willard Carroll (screenplay), Thomas M. Disch (novel)","Thurl Ravenscroft, Deanna Oliver, Eric Lloyd, Timothy Stack","Thomas M. Disch's sequel, based on the book sequel, has our heroes zooming off to, of all places, Mars.",English,USA,2 nominations.,https://m.media-amazon.com/images/M/MV5BMjNkMzAzNDItZWZkMi00OGUxLTljNTItNTgyNjQwYjc0YzVhXkEyXkFqcGdeQXVyMTk5MjAyMjM@._V1_SX300.jpg,"[{'Source': 'Internet Movie Database', 'Value': '5.7/10'}, {'Source': 'Rotten Tomatoes', 'Value': '50%'}]",N/A,5.7,"1,437",tt0147926,movie,N/A,N/A,N/A,N/A,True,tt0147926,True,,,,
The Brave Little Toaster to the Rescue,1997,Not Rated,25 May 1999,74 min,"Animation, Adventure, Family, Fantasy","Robert C. Ramirez, Patrick A. Ventura","Thomas M. Disch (based on characters created by), Jerry Rees (additional characters), Joe Ranft (additional characters), Willard Carroll (story by), Willard Carroll (screenplay by)","Jessica Tuck, Chris Young, Roger Kabler, Deanna Oliver",The Brave Little Toaster and friends must rescue the animals at a veterinary hospital from being sent to a testing laboratory.,"Chinese, Mandarin, Japanese, Korean, French, English",USA,N/A,https://m.media-amazon.com/images/M/MV5BYjkwYWM4YTEtMWZiZS00YmM1LWJhODgtNGY3MjViMmVhM2Y4XkEyXkFqcGdeQXVyMTk5MjAyMjM@._V1_SX300.jpg,"[{'Source': 'Internet Movie Database', 'Value': '6.4/10'}]",N/A,6.4,"1,380",tt0163986,movie,N/A,N/A,N/A,N/A,True,tt0163986,True,,,,
An American Tail: The Mystery of the Night Monster,1999,G,25 Jul 2000,78 min,"Animation, Adventure, Family, Mystery",Larry Latham,"David Kirschner (characters), Len Uhley (screenplay)","Thomas Dekker, Lacey Chabert, Jane Singer, Nehemiah Persoff","Fievel and other mice haunt the monster, with the result they want to track him down.",English,USA,1 win & 1 nomination.,https://m.media-amazon.com/images/M/MV5BMTEwMTM1MDUwMDVeQTJeQWpwZ15BbWU4MDUwNTUwMDcx._V1_SX300.jpg,"[{'Source': 'Internet Movie Database', 'Value': '6.0/10'}]",N/A,6.0,"1,069",tt0197230,movie,N/A,N/A,N/A,N/A,True,tt0197230,True,,,,
An American Tail: Fievel Goes West,1991,G,22 Nov 1991,75 min,"Animation, Adventure, Family","Phil Nibbelink, Simon Wells","David Kirschner, Charles Swenson, Flint Dille","James Stewart, John Cleese, Amy Irving","Fievel's family decides to move out to the West, unaware that they are falling into a trap perpetrated by a smooth-talking cat.",English,"United States, United Kingdom",1 nomination total,https://m.media-amazon.com/images/M/MV5BNGYyNzJhOWEtODc5OC00ZjY5LWE4MTktN2IwMDU0YTEyYTViXkEyXkFqcGc@._V1_SX300.jpg,"[{'Source': 'Internet Movie Database', 'Value': '6.5/10'}, {'Source': 'Rotten Tomatoes', 'Value': '59%'}]",N/A,6.5,"29,311",tt0101329,movie,N/A,"$22,166,041",N/A,N/A,True,tt0101329,True,,,,
The Last Unicorn,1982,G,19 Nov 1982,92 min,"Animation, Adventure, Drama","Jules Bass, Arthur Rankin Jr.",Peter S. Beagle,"Jeff Bridges, Mia Farrow, Angela Lansbury",A beautiful unicorn sets out to learn if she truly is the last of her kind in this sparkling animated musical.,"English, German","United Kingdom, United States, Japan",1 nomination total,https://m.media-amazon.com/images/M/MV5BNTBlOWQyMjYtMjUyYS00MWQ0LTgyYzEtYjZmNWE0ODYwZTg2XkEyXkFqcGc@._V1_SX300.jpg,"[{'Source': 'Internet Movie Database', 'Value': '7.3/10'}, {'Source': 'Rotten Tomatoes', 'Value': '75%'}, {'Source': 'Metacritic', 'Value': '70/100'}]",70,7.3,"32,143",tt0084237,movie,N/A,"$6,455,330",N/A,N/A,True,tt0084237,True,,,,
Brother Bear 2,2006,G,29 Aug 2006,74 min,"Animation, Adventure, Comedy, Family, Fantasy, Romance",Ben Gluck,"Rich Burns (screenplay), Ben Gluck (additional screenplay)","Patrick Dempsey, Mandy Moore, Jeremy Suarez, Rick Moranis","An old female friend of Kenai needs his help on a quest, much to Koda's growing consternation.",English,USA,2 nominations.,https://m.media-amazon.com/images/M/MV5BM2U2N2M3M2EtMzQxYi00Mjk0LTlhNzItZDA5MDgxZDU2YmFjXkEyXkFqcGdeQXVyNjExODE1MDc@._V1_SX300.jpg,"[{'Source': 'Internet Movie Database', 'Value': '6.2/10'}, {'Source': 'Rotten Tomatoes', 'Value': '50%'}]",N/A,6.2,"15,778",tt0465925,movie,N/A,N/A,N/A,N/A,True,tt0465925,True,,,,
The Fox and the Hound 2,2006,G,11 Dec 2006,69 min,"Animation, Adventure, Comedy, Family, Musical",Jim Kammerud,"Rich Burns (screenplay by), Roger S.H. Schulman (screenplay by)","Reba McEntire, Patrick Swayze, Jonah Bobo, Harrison Fahn","Tod and Copper still go together like an itch and a scratch, but when Copper gets a shot at the big time with a nutty group of hound dog howlers, their purebred friendship is put to the test.",English,USA,1 win.,https://m.media-amazon.com/images/M/MV5BNzhmNTM4YmQtMTM4Yi00OTIyLWJjN2ItZGE0NmUwODZmOWFlXkEyXkFqcGdeQXVyMTY5Nzc4MDY@._V1_SX300.jpg,"[{'Source': 'Internet Movie Database', 'Value': '5.3/10'}, {'Source': 'Rotten Tomatoes', 'Value': '20%'}]",N/A,5.3,"4,449",tt0465997,movie,N/A,N/A,N/A,N/A,True,tt0465997,True,,,,
Jetsons: The Movie,1990,G,06 Jul 1990,82 min,"Animation, Comedy, Family","Iwao Takamoto, Joseph Barbera, William Hanna","Dennis Marks, Carl Sautter","George O'Hanlon, Penny Singleton, Mel Blanc",George Jetson is forced to uproot his family when Mr. Spacely promotes him to take charge of a new factory on a distant planet.,English,"United States, Taiwan, Philippines, China",1 nomination total,https://m.media-amazon.com/images/M/MV5BN2NlYjMzYjItODNjYS00ZTEwLThmZmUtM2UwY2NkMzc2YjMxXkEyXkFqcGc@._V1_SX300.jpg,"[{'Source': 'Internet Movie Database', 'Value': '5.6/10'}, {'Source': 'Rotten Tomatoes', 'Value': '27%'}, {'Source': 'Metacritic', 'Value': '46/100'}]",46,5.6,"6,081",tt0099878,movie,N/A,"$20,305,841",N/A,N/A,True,tt0099878,True,,,,
A Monster in Paris,2011,PG,12 Oct 2011,90 min,"Animation, Adventure, Comedy",Bibo Bergeron,"Stéphane Kazandjian, Bibo Bergeron","Matthieu Chedid, Vanessa Paradis, Gad Elmaleh","A 3D-animated movie set in Paris in the year 1910 and centered on a monster who lives in a garden and his love for a beautiful, young singer.","French, English","France, Belgium",3 nominations total,https://m.media-amazon.com/images/M/MV5BYTBmMmUzZDktNWFiYy00NDIwLWIwYjktMjFiNmZlZmVjNTEwXkEyXkFqcGc@._V1_SX300.jpg,"[{'Source': 'Internet Movie Database', 'Value': '6.7/10'}, {'Source': 'Rotten Tomatoes', 'Value': '86%'}]",N/A,6.7,"23,837",tt0961097,movie,N/A,N/A,N/A,N/A,True,tt0961097,True,,,,
The Gruffalo,2009,Approved,09 Dec 2010,27 min,"Animation, Family, Fantasy","Max Lang, Jakob Schuh","Julia Donaldson, Axel Scheffler, Jakob Schuh","Helena Bonham Carter, Rob Brydon, Robbie Coltrane","A cunning mouse goes for a walk in the forest, and outwits a succession of predators.",English,"United Kingdom, Germany",Nominated for 1 Oscar. 7 wins & 4 nominations total,https://m.media-amazon.com/images/M/MV5BZGRjYmRmYTktZjhkNS00ZmQzLWE2MzQtYmNjODVjMDc5MzEwXkEyXkFqcGc@._V1_SX300.jpg,"[{'Source': 'Internet Movie Database', 'Value': '7.5/10'}]",N/A,7.5,"8,184",tt1461418,movie,N/A,N/A,N/A,N/A,True,tt1461418,True,,,,
Ernest & Celestine,2012,PG,28 Feb 2014,80 min,"Animation, Adventure, Comedy","Stéphane Aubier, Vincent Patar, Benjamin Renner","Daniel Pennac, Gabrielle Vincent","Lambert Wilson, Pauline Brunner, Anne-Marie Loop","The story of an unlikely friendship between a bear, Ernest, and a young mouse named Celestine.","French, English","France, Belgium, Luxembourg, United States",Nominated for 1 Oscar. 15 wins & 15 nominations total,https://m.media-amazon.com/images/M/MV5BMjA3NzA5ODY4M15BMl5BanBnXkFtZTgwMzU5ODMwMTE@._V1_SX300.jpg,"[{'Source': 'Internet Movie Database', 'Value': '7.8/10'}, {'Source': 'Rotten Tomatoes', 'Value': '98%'}, {'Source': 'Metacritic', 'Value': '86/100'}]",86,7.8,"23,596",tt1816518,movie,N/A,"$262,075",N/A,N/A,True,tt1816518,True,,,,
Jack and the Cuckoo-Clock Heart,2013,PG,05 Feb 2014,94 min,"Animation, Adventure, Drama","Stéphane Berla, Mathias Malzieu",Mathias Malzieu,"Mathias Malzieu, Olivia Ruiz, Grand Corps Malade","A 19th-century drama about a man whose heart was replaced with a clock when he was born. The situation dictates that he should avoid feeling strong emotions -- love, most of all -- but he just can't keep his feelings under wraps.","French, English","France, Belgium",3 nominations total,https://m.media-amazon.com/images/M/MV5BNDcxNjYxMTE2M15BMl5BanBnXkFtZTgwNDY5MjY1MjE@._V1_SX300.jpg,"[{'Source': 'Internet Movie Database', 'Value': '6.9/10'}, {'Source': 'Rotten Tomatoes', 'Value': '83%'}, {'Source': 'Metacritic', 'Value': '56/100'}]",56,6.9,"7,999",tt1181840,movie,N/A,N/A,N/A,N/A,True,tt1181840,True,,,,
Axel: The Biggest Little Hero,2013,PG,02 Jul 2014,80 min,"Animation, Adventure, Comedy",Leo Lee,"Leo Lee, Michael Shear, Jeffrey Hylton","Yuri Lowenthal, Colleen O'Shaughnessey, Kate Higgins",A young boy becomes an unlikely hero when he sets out on an adventure-filled quest to find the legendary Bonta oasis.,English,China,N/A,https://m.media-amazon.com/images/M/MV5BM2ZkZTM1MmMtMjlhMS00OTM3LWFmY2QtNDEyNDM0ZTUyOWVhXkEyXkFqcGc@._V1_SX300.jpg,"[{'Source': 'Internet Movie Database', 'Value': '4.7/10'}]",N/A,4.7,155,tt3468298,movie,N/A,N/A,N/A,N/A,True,tt3468298,True,,,,
The Boxcar Children,2014,G,01 Apr 2014,86 min,"Animation, Adventure, Family","Daniel Chuba, Mark A.Z. Dippé, Kyungho Jo","Justin Merz, Zach Strauss, Gertrude Chandler Warner","Illeana Douglas, Mackenzie Foy, Zachary Gordon",Four children set out on a journey to find a new home.,English,"United States, Guatemala, South Korea",1 nomination,https://m.media-amazon.com/images/M/MV5BMTk3NDUwNjMwNF5BMl5BanBnXkFtZTgwMTcyMDMzMjE@._V1_SX300.jpg,"[{'Source': 'Internet Movie Database', 'Value': '6.5/10'}]",N/A,6.5,641,tt3246908,movie,N/A,N/A,N/A,N/A,True,tt3246908,True,,,,
Pet Pals in Windland,2014,Not Rated,01 Feb 2015,80 min,"Animation, Adventure, Family",Sergio Manfio,"Francesco Manfio, Sergio Manfio, Rebecca De Lancastre","Gerolamo Alchieri, Nanni Baldini, Christopher R. Burns","It's everyone's favorite time of year in the magical land of Puff. However, when Pet Pals notice the evil Crow Witch is trying to ruin their big party, the animals begin their hunt to save the town.","Italian, English",Italy,N/A,https://m.media-amazon.com/images/M/MV5BNzY0NzY4NTgtNmViMS00MzhkLWE0MjItZmQ5MWM1MGU0ZTdjXkEyXkFqcGc@._V1_SX300.jpg,"[{'Source': 'Internet Movie Database', 'Value': '5.9/10'}]",N/A,5.9,88,tt3636040,movie,N/A,N/A,N/A,N/A,True,tt3636040,True,,,,
Quackerz,2016,PG,16 Jun 2016,81 min,"Animation, Adventure, Comedy",Viktor Lakisov,"Jin Cai, Viktor Lakisov, John T. Mickevich","Robbie Daymond, Michael Gross, Jesse Corti",The battle between ducks and humans for the place under the sun.,"Russian, Mandarin, English","Russia, China, Canada, Estonia, Spain, Peru",2 nominations total,https://m.media-amazon.com/images/M/MV5BNTIwNTA2NzcwNF5BMl5BanBnXkFtZTgwNzMxMjczNDE@._V1_SX300.jpg,"[{'Source': 'Internet Movie Database', 'Value': '4.3/10'}]",N/A,4.3,762,tt3723780,movie,N/A,N/A,N/A,N/A,True,tt3723780,True,,,,
Hatched,2013,Not Rated,01 Oct 2013,71 min,Animation,Xu Kerr,"Xiao Gu, Xu Kerr, Seth Walther","Sean Astin, Brian Beacock, Cam Clarke","Even the smallest creatures can make a big difference in this eggs-ceptionally funny adventure! Young chicks Cluck Norris, Chickpea, and Tiny SchwarzHENegger are determined to show everyone that chickens really can fly, but when t...","English, Mandarin",China,N/A,https://m.media-amazon.com/images/M/MV5BMTQ5NTg2NTUyMl5BMl5BanBnXkFtZTgwNDY5NzY2NzE@._V1_SX300.jpg,"[{'Source': 'Internet Movie Database', 'Value': '4.5/10'}]",N/A,4.5,70,tt3505298,movie,N/A,N/A,N/A,N/A,True,tt3505298,True,,,,
FernGully: The Last Rainforest,1992,G,10 Apr 1992,76 min,"Animation, Adventure, Family",Bill Kroyer,"Jim Cox, Diana Young","Samantha Mathis, Christian Slater, Robin Williams","The magical inhabitants of a rainforest fight to save their home, which is threatened by logging and a polluting force of destruction called Hexxus.",English,"Australia, United States, South Korea, Taiwan, United Kingdom, France, Canada, Thailand, Denmark",3 wins & 1 nomination total,https://m.media-amazon.com/images/M/MV5BOThlNjdjNjYtN2YzOC00NGI1LWI5NGYtMjNlMTY1ODhlNzM5XkEyXkFqcGc@._V1_SX300.jpg,"[{'Source': 'Internet Movie Database', 'Value': '6.6/10'}, {'Source': 'Rotten Tomatoes', 'Value': '67%'}, {'Source': 'Metacritic', 'Value': '67/100'}]",67,6.6,"37,034",tt0104254,movie,N/A,"$24,650,296",N/A,N/A,True,tt0104254,True,,,,
The Lizzie McGuire Movie,2003,PG,02 May 2003,94 min,"Adventure, Comedy, Family",Jim Fall,"Susan Estelle Jansen, Ed Decter, John J. Strauss","Hilary Duff, Adam Lamberg, Clayton Snyder","Lizzie McGuire has graduated from middle school and takes a trip to Rome, Italy with her class. And what was supposed to be only a normal trip, becomes a teenager's dream come true.","English, Italian",United States,2 wins & 3 nominations total,https://m.media-amazon.com/images/M/MV5BYjliMzM1NzUtNTM4Yi00OTA4LWJjZjktMmE3N2U1Mzg2ZmM2XkEyXkFqcGc@._V1_SX300.jpg,"[{'Source': 'Internet Movie Database', 'Value': '5.6/10'}, {'Source': 'Rotten Tomatoes', 'Value': '40%'}, {'Source': 'Metacritic', 'Value': '56/100'}]",56,5.6,"43,801",tt0306841,movie,N/A,"$42,734,455",N/A,N/A,True,tt0306841,True,,,,
Recess: Taking the Fifth Grade,2003,G,09 Dec 2003,62 min,"Animation, Comedy, Family",Howy Parkins,"Elijah Aron, Bart Jennett","Rickey D'Shon Collins, Jason Davis, Myles Jeffrey, Ashley Johnson",Wow - fifth grade. But what good is practically being a grown-up when the teacher's a big sourpuss?,English,USA,N/A,https://m.media-amazon.com/images/M/MV5BMTU2NTgxMDE4MF5BMl5BanBnXkFtZTcwODI0NzQyMQ@@._V1_SX300.jpg,"[{'Source': 'Internet Movie Database', 'Value': '6.8/10'}]",N/A,6.8,"1,935",tt0382937,movie,N/A,N/A,N/A,N/A,True,tt0382937,True,,,,
The Very Hungry Caterpillar and Other Stories,1993,N/A,01 Jan 1993,31 min,Animation,Andrew Goff,Eric Carle,"Brian Cummings, Linda Gary, Jonathan Benair","Author and illustrator Eric Carle's beloved story ""The Very Hungry Caterpillar"" springs to life in this delightful collection of animated tales.",English,United States,N/A,https://m.media-amazon.com/images/M/MV5BZDQ1OTU5MGEtYTU3Mi00MjIxLWJhMGUtYWU4ZGRmMmY5ZDE2XkEyXkFqcGc@._V1_SX300.jpg,"[{'Source': 'Internet Movie Database', 'Value': '7.8/10'}]",N/A,7.8,70,tt6964236,movie,N/A,N/A,N/A,N/A,True,tt6964236,True,,,,
The Hero of Color City,2014,G,31 Jul 2015,77 min,"Animation, Adventure, Family",Frank Gladstone,"Jess Kedward, J.P. McCormick, Kirsty Peart","Owen Wilson, Christina Ricci, Rosie Perez",A diverse band of crayons strive to protect not only their magical multihued homeland but the imagination of children everywhere from a terrifying monster.,"English, Hindi",United States,N/A,https://m.media-amazon.com/images/M/MV5BMTAzMzQ4Njc1ODReQTJeQWpwZ15BbWU4MDM5MDgyNDEx._V1_SX300.jpg,"[{'Source': 'Internet Movie Database', 'Value': '3.9/10'}, {'Source': 'Rotten Tomatoes', 'Value': '30%'}, {'Source': 'Metacritic', 'Value': '33/100'}]",33,3.9,808,tt0498351,movie,N/A,"$32,188",N/A,N/A,True,tt0498351,True,,,,
The Little Engine That Could,2011,G,01 May 2011,83 min,"Animation, Family",Elliot M. Bour,"David Koepp, John Kamps, Cliff Ruby","Jodi Benson, Corbin Bleu, Jamie Lee Curtis","Featuring an all-star cast, the timeless story comes to life in this all-new, feature-length film filled with fun and adventure!",English,"United States, India",3 nominations,https://m.media-amazon.com/images/M/MV5BNjE1YWE1NzYtMThjYi00NTcyLWIyYjItYTZiYzY0NzNhZDMzXkEyXkFqcGc@._V1_SX300.jpg,"[{'Source': 'Internet Movie Database', 'Value': '5.6/10'}]",N/A,5.6,440,tt1764666,movie,19 Apr 2011,N/A,Kidtoon Films,N/A,True,tt1764666,True,,,,
Delhi Safari,2012,PG,07 Dec 2012,96 min,"Animation, Adventure, Comedy",Nikkhil Advani,"Nikkhil Advani, Rahul Awate, Girish Dhamija","Govinda, Akshaye Khanna, Urmila Matondkar",A group of animals plan a trip to Delhi in order to ask the parliament why the forest they live in is on the verge of destruction.,"Hindi, English",India,1 win total,https://m.media-amazon.com/images/M/MV5BMjIyOTg2NzAwM15BMl5BanBnXkFtZTcwMTUxNjU0OA@@._V1_SX300.jpg,"[{'Source': 'Internet Movie Database', 'Value': '5.5/10'}, {'Source': 'Rotten Tomatoes', 'Value': '20%'}, {'Source': 'Metacritic', 'Value': '37/100'}]",37,5.5,"2,131",tt1172587,movie,N/A,N/A,N/A,N/A,True,tt1172587,True,,,,
Monster Math Squad,2012–,TV-Y,12 Nov 2012,30 min,Animation,N/A,N/A,"Julie Sype, Jenna Warren, Annick Obonsawin","A group of animated monster characters solve basic math problems in Monstrovia, asking the viewer for help along the way.",English,Canada,1 nomination,https://m.media-amazon.com/images/M/MV5BNGEzYzBjOWQtMjE4ZC00ZjUyLWI5ZjItYzcxMGE2MjczZWI1XkEyXkFqcGc@._V1_SX300.jpg,"[{'Source': 'Internet Movie Database', 'Value': '6.3/10'}]",N/A,6.3,46,tt2289057,series,,,,,True,tt2289057,True,,,,2
Care Bears: Welcome to Care-a-Lot,2012–2016,TV-Y,02 Jun 2012,N/A,"Animation, Family",N/A,Kaz,"David Lodge, Michaela Dean, Patty Mattson","The Care Bears try to help kids and have fun in Care-a-Lot, but must contend with the antics of the mischievous Beastly and the young Beasties.",English,"United States, Canada",1 win,https://m.media-amazon.com/images/M/MV5BZDNlYzAyNDYtMDgwYi00ZGM4LWE3YTUtOGE3YTAzMjYyOGFkXkEyXkFqcGc@._V1_SX300.jpg,"[{'Source': 'Internet Movie Database', 'Value': '5.5/10'}]",N/A,5.5,199,tt2216314,series,,,,,True,tt2216314,True,,,,3
Clifford's Puppy Days,2003–2006,TV-Y,01 Sep 2003,30 min,"Animation, Comedy, Family",N/A,Norman Bridwell,"Lara Jill Miller, Julie-Ann Dean, Masiela Lusha","The adventures of children's book character Clifford the Big Red Dog, set when Emily Elizabeth adopted him as a puppy.",English,"United States, United Kingdom, South Korea",1 win & 4 nominations,https://m.media-amazon.com/images/M/MV5BNGY1MWVlYjktYWRkNi00MDIyLTlhMGItMTc5ZTIxYjAxNzM5XkEyXkFqcGc@._V1_SX300.jpg,"[{'Source': 'Internet Movie Database', 'Value': '6.6/10'}]",N/A,6.6,391,tt0377156,series,,,,,True,tt0377156,True,,,,2
Ribbit,2014,PG,25 Nov 2020,88 min,"Animation, Adventure, Comedy","Chuck Powers, Mamat Khalid","Amir Hafizi, Chuck Powers","Sean Astin, Tim Curry, Russell Peters",The tale of a frog with an identity crisis.,English,"Malaysia, United States, India",N/A,https://m.media-amazon.com/images/M/MV5BMjIwMDc5MTM0MF5BMl5BanBnXkFtZTgwNDQwODI0MTE@._V1_SX300.jpg,"[{'Source': 'Internet Movie Database', 'Value': '4.1/10'}]",N/A,4.1,757,tt2066048,movie,N/A,N/A,N/A,N/A,True,tt2066048,True,,,,
My Animal Friends,2013–,N/A,01 Jan 2013,15 min,Family,N/A,N/A,N/A,"This series is a unique look at the early life and development of young animals, edited and narrated from the viewpoint of the animal's themselves. As children explore the wonders of animal life, their natural fascination will dee...",English,"United States, Czech Republic",N/A,N/A,[],N/A,N/A,N/A,tt6764142,series,,,,,True,tt6764142,True,,,,N/A
Worms,2013,PG,27 Mar 2015,80 min,"Animation, Adventure, Family","Paolo Conti, Arthur Nunes","Romeu di Sessa, Thomas LaPierre, Marcos Bernstein","Gabriel Bijos, Daniel Boaventura, Fabienne Carat","When Junior, an overprotected preteen worm, is accidentally brought up to the surface, he must face a risky journey back home, while learning the great powers of self-respect, trust and true friendship.",Portuguese,"Brazil, United States",2 nominations total,https://m.media-amazon.com/images/M/MV5BOTA1OTk3NGQtOTkzYi00Yjc4LTk1OTctZmY1MTY1Nzc3NDFlXkEyXkFqcGc@._V1_SX300.jpg,"[{'Source': 'Internet Movie Database', 'Value': '4.8/10'}]",N/A,4.8,231,tt1756873,movie,N/A,N/A,N/A,N/A,True,tt1756873,True,,,,
Zoobabu,2010–2022,N/A,N/A,23 min,Animation,N/A,N/A,Thor Bishopric,What has stretchy cheeks and fast-moving feet? Add up the clues in these playful riddles and learn about dozens of animals from around the world.,Spanish,United States,N/A,https://m.media-amazon.com/images/M/MV5BY2JiZWYxZjgtODc2YS00NjNlLThlOTAtOWM3NjRiMmEwYjI1XkEyXkFqcGdeQXVyNjgzNDU2ODI@._V1_SX300.jpg,"[{'Source': 'Internet Movie Database', 'Value': '3.6/10'}]",N/A,3.6,8,tt6953914,series,,,,,True,tt6953914,True,,,,1
Harry and the Hendersons,1987,PG,05 Jun 1987,110 min,"Comedy, Family, Fantasy",William Dear,"William Dear, Bill Martin, Ezra D. Rappaport","John Lithgow, Melinda Dillon, Margaret Langrick",The Henderson family adopt a friendly Sasquatch but have a hard time trying to keep the legend of 'Bigfoot' a secret.,English,United States,Won 1 Oscar. 2 wins & 7 nominations total,https://m.media-amazon.com/images/M/MV5BZTk4NmJmN2UtZGJmZS00NWU1LWJmY2ItNWMxMmMxN2JhYTE2XkEyXkFqcGc@._V1_SX300.jpg,"[{'Source': 'Internet Movie Database', 'Value': '6.1/10'}, {'Source': 'Rotten Tomatoes', 'Value': '48%'}, {'Source': 'Metacritic', 'Value': '42/100'}]",42,6.1,"39,544",tt0093148,movie,N/A,"$29,760,613",N/A,N/A,True,tt0093148,True,,,,
Cats & Dogs,2001,PG,04 Jul 2001,87 min,"Action, Adventure, Comedy",Lawrence Guterman,"John Requa, Glenn Ficarra","Alec Baldwin, Tobey Maguire, Jeff Goldblum","A look at the top-secret, high-tech espionage war going on between cats and dogs, of which their human owners are blissfully unaware.",English,"United States, Australia",2 wins & 3 nominations total,https://m.media-amazon.com/images/M/MV5BMDEyYmE5MWMtNzg3Ny00NmVjLWJmZTUtMmUyOTliNDRiMDk2XkEyXkFqcGc@._V1_SX300.jpg,"[{'Source': 'Internet Movie Database', 'Value': '5.2/10'}, {'Source': 'Rotten Tomatoes', 'Value': '52%'}, {'Source': 'Metacritic', 'Value': '47/100'}]",47,5.2,"65,108",tt0239395,movie,N/A,"$93,385,515",N/A,N/A,True,tt0239395,True,,,,
Atlantis: The Lost Empire,2001,PG,15 Jun 2001,95 min,"Animation, Action, Adventure","Gary Trousdale, Kirk Wise","Tab Murphy, Kirk Wise, Gary Trousdale","Michael J. Fox, Jim Varney, Corey Burton",A young linguist named Milo Thatch joins an intrepid group of explorers to find the mysterious lost continent of Atlantis.,"English, French, Spanish","United States, Japan",2 wins & 14 nominations total,https://m.media-amazon.com/images/M/MV5BODYwZTQwMDEtYjgyZS00NzNhLWFhYWMtN2Q1Y2JmZjlmZDlhXkEyXkFqcGc@._V1_SX300.jpg,"[{'Source': 'Internet Movie Database', 'Value': '6.9/10'}, {'Source': 'Rotten Tomatoes', 'Value': '48%'}, {'Source': 'Metacritic', 'Value': '52/100'}]",52,6.9,"145,597",tt0230011,movie,N/A,"$84,056,472",N/A,N/A,True,tt0230011,True,,,,
Tarzan & Jane,2002,G,23 Jul 2002,75 min,"Animation, Adventure, Family","Steve Loter, Victor Cook, Don MacKinnon, Lisa Schaffer(co-director)","Edgar Rice Burroughs (""Tarzan"" stories), Bill Motz, Bob Roth, Mirith J. Colao, John Behnke, Rob Humphrey, Jim Peterson, Jess Winfield, Jess Winfield (story), Dave Bullock (story), Adam Van Wyk (story)","Michael T. Weiss, Olivia d'Abo, Jeff Bennett, Jim Cummings","After being married an entire year, Jane thinks back on some of her and Tarzan's adventures as she searches for something special to mark the occasion with.",English,USA,4 nominations.,https://m.media-amazon.com/images/M/MV5BMjAwMTM5NzM4OF5BMl5BanBnXkFtZTcwOTE2NDkyMQ@@._V1_SX300.jpg,"[{'Source': 'Internet Movie Database', 'Value': '5.3/10'}, {'Source': 'Rotten Tomatoes', 'Value': '20%'}]",N/A,5.3,"5,919",tt0313680,movie,N/A,N/A,N/A,N/A,True,tt0313680,True,,,,
Atlantis: Milo's Return,2003,G,20 May 2003,70 min,"Animation, Action, Adventure, Comedy, Drama, Family, Fantasy, Sci-Fi","Victor Cook, Toby Shelton, Tad Stones","Thomas Hart (screenplay), Henry Gilroy (screenplay), Kevin Hopps (screenplay), Tad Stones (screenplay), Steve Englehart (screenplay), Marty Isenberg (screenplay)","James Arnold Taylor, Cree Summer, John Mahoney, Jacqueline Obradors",Milo and Kida reunite with their friends to investigate strange occurances around the world that seem to have links to the secrets of Atlantis.,"Norwegian, English",USA,1 nomination.,https://m.media-amazon.com/images/M/MV5BODJiZTEzNGEtNDkzNC00YTU3LWI2ODctYzY0OTU4NDQ3ZTU4XkEyXkFqcGdeQXVyNjk1Njg5NTA@._V1_SX300.jpg,"[{'Source': 'Internet Movie Database', 'Value': '5.1/10'}]",N/A,5.1,"8,573",tt0344864,movie,N/A,N/A,N/A,N/A,True,tt0344864,True,,,,
Winnie the Pooh: Springtime with Roo,2003,G,09 Mar 2004,65 min,"Animation, Adventure, Comedy, Drama, Family, Musical","Saul Blinkoff, Elliot M. Bour","A.A. Milne (characters), Tom Rogers","Jim Cummings, Ken Sansom, Jimmy Bennett, David Ogden Stiers","Roo is upset when Rabbit cancels Easter and declares ""Spring Cleaning Day"" instead.","English, Arabic",USA,6 nominations.,https://m.media-amazon.com/images/M/MV5BNzMyNDY4ODA4Ml5BMl5BanBnXkFtZTgwMTIwNjAwNzE@._V1_SX300.jpg,"[{'Source': 'Internet Movie Database', 'Value': '6.5/10'}]",N/A,6.5,"1,947",tt0384696,movie,N/A,N/A,N/A,N/A,True,tt0384696,True,,,,
Pooh's Heffalump Movie,2005,G,11 Feb 2005,68 min,"Animation, Adventure, Comedy",Frank Nissen,"Brian Hohlfeld, Evan Spiliotopoulos, A.A. Milne","Jim Cummings, Brenda Blethyn, Kyle Stanger","When Roo sets off on his own into the Hundred Acre Wood, he discovers a friendly and playful Heffalump named Lumpy.",English,"United States, Japan, Germany, Canada, France, United Kingdom",1 nomination total,https://m.media-amazon.com/images/M/MV5BMTUyOTk5MDM4N15BMl5BanBnXkFtZTcwMTM0NDcyMQ@@._V1_SX300.jpg,"[{'Source': 'Internet Movie Database', 'Value': '6.4/10'}, {'Source': 'Rotten Tomatoes', 'Value': '80%'}, {'Source': 'Metacritic', 'Value': '64/100'}]",64,6.4,"9,229",tt0407121,movie,N/A,"$18,098,433",N/A,N/A,True,tt0407121,True,,,,
Kronk's New Groove,2005,G,13 Dec 2005,75 min,"Animation, Comedy, Family, Musical, Romance","Saul Blinkoff, Elliot M. Bour","Tony Leondis (story by), Michael LaBash (story by), Tom Rogers (story by), Tom Rogers (screenplay by), Michael Lucker","Patrick Warburton, Tracey Ullman, Eartha Kitt, David Spade","Kronk desperately tries to find ways to impress his dad, whom he can never please. But when things go wrong, Kronk kicks into comical gear and discovers the true riches in life are his friends and being ""true to your groove"".",English,USA,8 nominations.,https://m.media-amazon.com/images/M/MV5BMTQ5NjQyOTU2MF5BMl5BanBnXkFtZTcwOTU0NjMzMQ@@._V1_SX300.jpg,"[{'Source': 'Internet Movie Database', 'Value': '5.8/10'}, {'Source': 'Rotten Tomatoes', 'Value': '0%'}]",N/A,5.8,"12,034",tt0401398,movie,N/A,N/A,N/A,N/A,True,tt0401398,True,,,,
Corpse Bride,2005,PG,23 Sep 2005,77 min,"Animation, Comedy, Drama","Tim Burton, Mike Johnson","Tim Burton, Carlos Grangel, John August","Johnny Depp, Helena Bonham Carter, Emily Watson","When a shy groom practices his wedding vows in the inadvertent presence of a deceased young woman, she rises from the grave assuming he has married her.",English,"United States, United Kingdom",Nominated for 1 Oscar. 9 wins & 30 nominations total,https://m.media-amazon.com/images/M/MV5BMTk1MTY1NjU4MF5BMl5BanBnXkFtZTcwNjIzMTEzMw@@._V1_SX300.jpg,"[{'Source': 'Internet Movie Database', 'Value': '7.4/10'}, {'Source': 'Rotten Tomatoes', 'Value': '85%'}, {'Source': 'Metacritic', 'Value': '83/100'}]",83,7.4,"324,184",tt0121164,movie,N/A,"$53,401,527",N/A,N/A,True,tt0121164,True,,,,
Underdogs,2013,PG,18 Jul 2013,85 min,"Animation, Adventure, Comedy",Juan José Campanella,"Eduardo Sacheri, Gastón Gorali, Juan José Campanella","Gabriel Almirón, Federico Cecere, Ezequiel Cipols",A young man named Amadeo sets off on an unexpected adventure with the players of his beloved Foosball game.,"Spanish, English","Argentina, Spain, United Kingdom, France, United States",8 wins & 6 nominations,https://m.media-amazon.com/images/M/MV5BMjI5MjA0NzA3NV5BMl5BanBnXkFtZTgwODgyNjk5NTE@._V1_SX300.jpg,"[{'Source': 'Internet Movie Database', 'Value': '6.4/10'}, {'Source': 'Rotten Tomatoes', 'Value': '67%'}, {'Source': 'Metacritic', 'Value': '38/100'}]",38,6.4,"10,494",tt1634003,movie,04 Apr 2017,N/A,N/A,N/A,True,tt1634003,True,,,,
Yellowbird,2014,PG,07 Apr 2015,90 min,"Animation, Adventure, Comedy",Christian De Vita,"Antoine Barraud, Cory Edwards, Benjamin Renner","Arthur Dupont, Sara Forestier, Bruno Salomone","A hero's journey with a most unlikely hero. Yellowbird is a teeny tiny orphaned bird that has never left the nest, has no family, yet desperately wants one - That is, until he finds himself leading a flock on their migration to Af...",English,"France, Belgium",1 win & 1 nomination total,https://m.media-amazon.com/images/M/MV5BMjEwNjIxNDUzMV5BMl5BanBnXkFtZTgwNzE1OTE2MzE@._V1_SX300.jpg,"[{'Source': 'Internet Movie Database', 'Value': '5.5/10'}]",N/A,5.5,"1,925",tt3526408,movie,N/A,N/A,N/A,N/A,True,tt3526408,True,,,,
Mr. Magoo,1997,PG,25 Dec 1997,87 min,"Adventure, Comedy, Family",Stanley Tong,"Pat Proft, Tom Sherohman","Leslie Nielsen, Kelly Lynch, Matt Keeslar",The myopic millionaire defeats jewel smugglers in his usual bumbling manner.,English,"United States, Canada",2 nominations total,https://m.media-amazon.com/images/M/MV5BNzQxMDQ3MDUtODJhMy00NDI5LWI4YmUtMWJkZjdhYzNlMTcxXkEyXkFqcGc@._V1_SX300.jpg,"[{'Source': 'Internet Movie Database', 'Value': '4.1/10'}, {'Source': 'Rotten Tomatoes', 'Value': '9%'}, {'Source': 'Metacritic', 'Value': '18/100'}]",18,4.1,"16,840",tt0119718,movie,N/A,"$21,437,192",N/A,N/A,True,tt0119718,True,,,,
Air Bud 3,2000,G,12 Dec 2000,83 min,"Comedy, Drama, Family, Sport",Bill Bannerman,"Kevin DiCicco (character ""Air Bud""), Mick Whiting, Robert Vince, Anne Vince, Paul Tamasy (characters), Aaron Mendelsohn (characters)","Kevin Zegers, Dale Midkiff, David Glyn-Jones, Caitlin Wachs",A boy and his dog take on the world of soccer.,English,"USA, Canada",N/A,https://m.media-amazon.com/images/M/MV5BODM3NzQ4MzA2Nl5BMl5BanBnXkFtZTgwMTI4OTY4ODE@._V1_SX300.jpg,"[{'Source': 'Internet Movie Database', 'Value': '4.6/10'}]",N/A,4.6,"2,756",tt0161220,movie,N/A,N/A,N/A,N/A,True,tt0161220,True,,,,
Baby's Day Out,1994,PG,01 Jul 1994,99 min,"Adventure, Comedy, Crime",Patrick Read Johnson,John Hughes,"Lara Flynn Boyle, Joe Mantegna, Joe Pantoliano","After three kidnappers lose the baby they have kidnapped, both the cops and kidnappers go looking for the baby.",English,United States,N/A,https://m.media-amazon.com/images/M/MV5BZWY5ZTI5YjUtZjQ2Ny00MzExLWEwMjUtYmUxNTE3MGJlNGQwXkEyXkFqcGc@._V1_SX300.jpg,"[{'Source': 'Internet Movie Database', 'Value': '6.2/10'}, {'Source': 'Rotten Tomatoes', 'Value': '32%'}]",N/A,6.2,"59,134",tt0109190,movie,N/A,"$16,827,402",N/A,N/A,True,tt0109190,True,,,,
Blank Check,1994,PG,11 Feb 1994,93 min,"Comedy, Crime, Family",Rupert Wainwright,"Blake Snyder, Colby Carr","Brian Bonsall, Karen Duffy, James Rebhorn","After a bike accident, a young boy inadvertently gains possession of a check for $1 million and proceeds to spend it, unaware that the gangsters it belongs to are in pursuit.",English,United States,N/A,https://m.media-amazon.com/images/M/MV5BYWIwMzg5YzctY2MyNS00MDIxLTk5MTktOTk0YzJmZGRmNGJkXkEyXkFqcGc@._V1_SX300.jpg,"[{'Source': 'Internet Movie Database', 'Value': '5.3/10'}, {'Source': 'Rotten Tomatoes', 'Value': '9%'}, {'Source': 'Metacritic', 'Value': '42/100'}]",42,5.3,"23,212",tt0109287,movie,N/A,"$30,577,969",N/A,N/A,True,tt0109287,True,,,,
Heavyweights,1995,PG,17 Feb 1995,97 min,"Comedy, Drama, Family",Steven Brill,"Judd Apatow, Steven Brill","Tom McGowan, Aaron Schwartz, Ben Stiller","Plump kids are lured into joining a posh fat camp with the promise of quick weight loss and good times, only to find that it is a woodland hellhole run by a psycho ex-fitness instructor.",English,United States,N/A,https://m.media-amazon.com/images/M/MV5BYjVmZDg0OTAtN2QwZC00NmI0LTllY2QtOWFlOThlODdkZGIwXkEyXkFqcGc@._V1_SX300.jpg,"[{'Source': 'Internet Movie Database', 'Value': '6.6/10'}, {'Source': 'Rotten Tomatoes', 'Value': '50%'}, {'Source': 'Metacritic', 'Value': '42/100'}]",42,6.6,"31,972",tt0110006,movie,N/A,"$17,689,177",N/A,N/A,True,tt0110006,True,,,,
Inspector Gadget 2,2003,G,11 Mar 2003,89 min,"Action, Comedy, Crime, Family, Sci-Fi",Alex Zamm,"Andy Heyward (characters), Jean Chalopin (characters), Bruno Bianchi (characters), Ron Anderson, William Robertson, Alex Zamm","French Stewart, Elaine Hendrix, Tony Martin, Caitlin Wachs","Inspector Gadget returns in this sequel to the 1999 hit. A glitched Gadget once again must fight his arch nemesis, Claw, with the aid of a female Gadget: G2.",English,"USA, Australia",4 nominations.,https://m.media-amazon.com/images/M/MV5BMTU1MjkxODEwNl5BMl5BanBnXkFtZTYwOTM4NDg2._V1_SX300.jpg,"[{'Source': 'Internet Movie Database', 'Value': '3.5/10'}, {'Source': 'Rotten Tomatoes', 'Value': '40%'}]",N/A,3.5,"5,882",tt0301454,movie,N/A,N/A,N/A,N/A,True,tt0301454,True,,,,
Air Bud: Spikes Back,2003,G,24 Jun 2003,87 min,"Comedy, Family, Sport",Mike Southon,"Kevin DiCicco (based on the character ""Air Bud"" created by), Robert Vince (story by), Anne Vince (screenplay by), Anna McRoberts (screenplay by), Paul Tamasy (based on characters created by), Aaron Mendelsohn (based on characters created by)","Darren J. Birch, Christopher Bishop, Tyler Boissonnault, J. Winston Carroll",Disney serves up adventure with everyone's favorite golden retriever!,English,Canada,2 nominations.,https://m.media-amazon.com/images/M/MV5BMTc4NDg4NjE5Nl5BMl5BanBnXkFtZTgwODQwMDc4ODE@._V1_SX300.jpg,"[{'Source': 'Internet Movie Database', 'Value': '4.1/10'}]",N/A,4.1,"1,779",tt0337812,movie,08 Mar 2005,N/A,N/A,N/A,True,tt0337812,True,,,,
D2: The Mighty Ducks,1994,PG,25 Mar 1994,106 min,"Comedy, Drama, Family",Sam Weisman,Steven Brill,"Emilio Estevez, Kathryn Erbe, Michael Tucker",Can Gordon's team win the Junior Goodwill Games in California in spite of all the set-backs?,"English, Icelandic",United States,N/A,https://m.media-amazon.com/images/M/MV5BNWM2ZmUwOTEtZjZjYy00NDRjLWJkNWEtMTExNGIzZjIxNzgzXkEyXkFqcGc@._V1_SX300.jpg,"[{'Source': 'Internet Movie Database', 'Value': '6.1/10'}, {'Source': 'Rotten Tomatoes', 'Value': '20%'}]",N/A,6.1,"44,720",tt0109520,movie,N/A,"$45,610,410",N/A,N/A,True,tt0109520,True,,,,
"Honey, I Shrunk the Kids",1989,PG,23 Jun 1989,93 min,"Adventure, Comedy, Family",Joe Johnston,"Stuart Gordon, Brian Yuzna, Ed Naha","Rick Moranis, Matt Frewer, Marcia Strassman",The scientist father of a teenage girl and boy accidentally shrinks his and two other neighborhood teens to the size of insects. Now the teens must fight diminutive dangers as the father searches for them.,English,"United States, Mexico",Won 1 BAFTA Award2 wins & 10 nominations total,https://m.media-amazon.com/images/M/MV5BMWZmMDA5OGUtNmUzZi00MTkyLWE2MTctNmRkOWUwMWViNjNkXkEyXkFqcGc@._V1_SX300.jpg,"[{'Source': 'Internet Movie Database', 'Value': '6.4/10'}, {'Source': 'Rotten Tomatoes', 'Value': '76%'}, {'Source': 'Metacritic', 'Value': '63/100'}]",63,6.4,"175,324",tt0097523,movie,N/A,"$130,724,172",N/A,N/A,True,tt0097523,True,,,,
Air Buddies,2006,PG,12 Dec 2006,80 min,"Adventure, Comedy, Family",Robert Vince,"Robert Vince, Anna McRoberts, Phil Hanley, Kevin DiCicco (character ""Air Bud""), Paul Tamasy (characters), Aaron Mendelsohn (characters)","Cascy Beddow, Jane Carr, Kelly Chapek, Patrick Cranshaw","When dad BUDDY and mom MOLLY are dognapped, their five adorable pups, the AIR BUDDIES, must save the day...",English,USA,1 nomination.,https://m.media-amazon.com/images/M/MV5BMTUzNTg4MjEyN15BMl5BanBnXkFtZTgwNTIxMDc4ODE@._V1_SX300.jpg,"[{'Source': 'Internet Movie Database', 'Value': '4.8/10'}]",N/A,4.8,"3,445",tt0470982,movie,N/A,N/A,N/A,N/A,True,tt0470982,True,,,,
Dr. Dolittle: Tail to the Chief,2008,PG,04 Mar 2008,85 min,"Comedy, Family",Craig Shapiro,"Matt Lieberman (teleplay by), Hugh Lofting (based upon the ""Dr. Dolittle"" stories by), Matt Lieberman (story by), Kathleen Laccinole (teleplay by)","Kyla Pratt, Peter Coyote, Malcolm Stewart, Niall Matter","Maya Dolittle, who can talk to animals like her father, is placed on special assignment by the President of the United States of America.",English,"USA, Canada",N/A,https://m.media-amazon.com/images/M/MV5BZTk0NDI1YzAtZWIyMy00MTVkLWE3NWEtMTVhMWU5MjBjNWUyXkEyXkFqcGdeQXVyNDgyODgxNjE@._V1_SX300.jpg,"[{'Source': 'Internet Movie Database', 'Value': '4.0/10'}]",N/A,4.0,"2,472",tt1024724,movie,N/A,N/A,N/A,N/A,True,tt1024724,True,,,,
Flicka 2,2010,PG,04 May 2010,96 min,Family,Michael Damian,"Jennifer Robinson, Mary O'Hara (character in the novel ""My Friend Flicka"")","Patrick Warburton, Tammin Sursok, Clint Black, Reilly Dolman",A big-city teenage girl is forced to live on a ranch in Wyoming and bonds with a wild horse.,English,USA,2 nominations.,https://m.media-amazon.com/images/M/MV5BMjUyMjgzODU1MF5BMl5BanBnXkFtZTcwODQ5Mzk2Mw@@._V1_SX300.jpg,"[{'Source': 'Internet Movie Database', 'Value': '6.0/10'}]",N/A,6.0,"1,540",tt1381767,movie,N/A,N/A,N/A,N/A,True,tt1381767,True,,,,
Dolphin Tale,2011,PG,23 Sep 2011,113 min,"Drama, Family",Charles Martin Smith,"Karen Janszen, Noam Dromi","Harry Connick Jr., Ashley Judd, Nathan Gamble","A boy finds a dolphin that was injured in a trap. They become friends, but the dolphin needs to have its tail amputated to survive. With the help of a biologist and a prosthetics specialist, the boy tries to save the animal.",English,"Canada, United States",4 wins & 4 nominations total,https://m.media-amazon.com/images/M/MV5BMTk2NTQwMTU5NF5BMl5BanBnXkFtZTcwNTU0MzE0NQ@@._V1_SX300.jpg,"[{'Source': 'Internet Movie Database', 'Value': '6.8/10'}, {'Source': 'Rotten Tomatoes', 'Value': '81%'}, {'Source': 'Metacritic', 'Value': '64/100'}]",64,6.8,"26,585",tt1564349,movie,N/A,"$72,286,779",N/A,N/A,True,tt1564349,True,,,,
Step Dogs,2013,Not Rated,04 Mar 2014,82 min,"Comedy, Family",Geoff Anderson,Willem Wennekers,"Joris Jarsky, Ryan Belleville, Dylan Schmid","When a pampered Hollywood pooch is sent up North to live with a wise cracking farm-mutt, all leashes are off.",English,Canada,N/A,https://m.media-amazon.com/images/M/MV5BMmQwNGMyOGUtYTI2YS00OWZmLWE5MjUtNWY4MzNjN2MyMTdiXkEyXkFqcGc@._V1_SX300.jpg,"[{'Source': 'Internet Movie Database', 'Value': '4.5/10'}]",N/A,4.5,606,tt2566580,movie,N/A,N/A,N/A,N/A,True,tt2566580,True,,,,
Russell Madness,2015,PG,10 May 2015,92 min,"Family, Sport",Robert Vince,"Anna McRoberts, Robert Vince, Aaron Brooks","Sean Giambrone, David Milchard, Steve Richmond","When a man inherits his grandfather's arena, he and his family try to restore the family wrestling business with the help of a talking monkey, and their star attraction, a wrestling dog.",English,United States,N/A,https://m.media-amazon.com/images/M/MV5BMTgyNjkyMzk2NF5BMl5BanBnXkFtZTgwOTYxODQ2MzE@._V1_SX300.jpg,"[{'Source': 'Internet Movie Database', 'Value': '4.3/10'}]",N/A,4.3,739,tt4257950,movie,N/A,N/A,N/A,N/A,True,tt4257950,True,,,,
Precious Puppies,2003,N/A,N/A,53 min,Documentary,Greg Grainger,N/A,Lizzy Lovette,A documentary about puppies.,English,Australia,N/A,https://m.media-amazon.com/images/M/MV5BN2FiOGQzNWEtZjg2Yy00YmZkLWFlN2QtODk3OTA0ZWFiYzBiXkEyXkFqcGdeQXVyMTA4ODI5Mjc@._V1_SX300.jpg,"[{'Source': 'Internet Movie Database', 'Value': '6.1/10'}]",N/A,6.1,79,tt6500946,movie,N/A,N/A,N/A,N/A,True,tt6500946,True,,,,
Beary Tales,2013,N/A,N/A,51 min,Documentary,"Hira Klatt, Marcella Muller, Angelika Sigl",N/A,Volker Arzt,"Two orphaned bear cubs would've been destined to starve - if a man had not adopted them. The film shows the twins' life with their new ""mother"", from their first steps to becoming cheeky teenagers.",English,United States,N/A,https://m.media-amazon.com/images/M/MV5BYmI0ZGNkZjAtMjlkYi00ZDFhLWE5OTAtNWI0M2MxY2Q1YWZkXkEyXkFqcGdeQXVyMzgxOTMzOTA@._V1_SX300.jpg,"[{'Source': 'Internet Movie Database', 'Value': '8.2/10'}]",N/A,8.2,84,tt6780296,movie,N/A,N/A,N/A,N/A,True,tt6780296,True,,,,
